robot,layout,task,init_robot_base_pos,init_robot_base_ori,object_init_offset
DoublePiper-Abs,robocasakitchen-61-5,PlaceTableware,"[2.37, -2, 0.72]","[0.00, 0.00, -1.57]","[0.0, 0.2]"
DoublePiper-Abs,robocasakitchen-61-5,BowlAndPlate2Dishrack,"[2.37, -2, 0.72]","[0.00, 0.00, -1.57]","[0.0, 0.1]"
DoublePiper-Abs,robocasakitchen-61-5,CleanTableware,"[2.37, -2, 0.72]","[0.00, 0.00, -1.57]","[0.0, 0.1]"
DoublePiper-Abs,robocasakitchen-61-5,CleanFoodWaste,"[2.37, -2, 0.72]","[0.00, 0.00, -1.57]","[0.0, 0.1]"
DoublePiper-Abs,robocasakitchen-61-5,CleanServiette,"[2.37, -2, 0.72]","[0.00, 0.00, -1.57]","[0.0, 0.1]"
DoublePiper-Abs,robocasakitchen-61-5,ArrangeTableware,"[2.37, -2, 0.72]","[0.00, 0.00, -1.57]","[0.0, 0.1]"
DoublePiper-Abs,robocasakitchen-62-5,OfficeWritingToolCleanup,"[2.37, -2.03, 0.72]","[0.00, 0.00, -1.57]","[0.0, 0.0]"
DoublePiper-Abs,robocasakitchen-62-5,OfficeCupCleanup,"[2.37, -2.03, 0.72]","[0.00, 0.00, -1.57]","[0.0, 0.1]"
DoublePiper-Abs,robocasakitchen-62-5,OfficeKeyboardCleanup,"[2.37, -2.03, 0.72]","[0.00, 0.00, -1.57]","[0.0, 0.2]"
DoublePiper-Abs,robocasakitchen-62-5,PrepareForMeeting,"[2.37, -2.03, 0.72]","[0.00, 0.00, -1.57]","[0.0, 0.0]"
X7S-Abs,robocasakitchen-61-5,PlaceTableware,none,"[0.00, 0.00, -1.57]","[0.0, 0.0]"
X7S-Abs,robocasakitchen-61-5,BowlAndPlate2Dishrack,none,"[0.00, 0.00, -1.57]","[0.0, -0.1]"
X7S-Abs,robocasakitchen-61-5,CleanTableware,none,"[0.00, 0.00, -1.57]","[0.0, 0.1]"
X7S-Abs,robocasakitchen-61-5,CleanFoodWaste,none,"[0.00, 0.00, -1.57]","[0.0, 0.1]"
X7S-Abs,robocasakitchen-61-5,CleanServiette,none,"[0.00, 0.00, -1.57]","[0.0, 0.1]"
X7S-Abs,robocasakitchen-61-5,ArrangeTableware,none,"[0.00, 0.00, -1.57]","[0.0, 0.1]"
X7S-Abs,robocasakitchen-62-5,OfficeWritingToolCleanup,none,"[0.00, 0.00, -1.57]","[0.0, 0.1]"
X7S-Abs,robocasakitchen-62-5,OfficeCupCleanup,none,"[0.00, 0.00, -1.57]","[0.0, 0.1]"
X7S-Abs,robocasakitchen-62-5,OfficeKeyboardCleanup,none,"[0.00, 0.00, -1.57]","[0.0, 0.0]"
X7S-Abs,robocasakitchen-62-5,PrepareForMeeting,none,"[0.00, 0.00, -1.57]","[0.0, 0.2]"
DoublePiper-Abs,libero-2-2,L90L3PickUpTheButterAndPutItInTheTray,"[2.544, -2.046, 0.659]","[0.00, 0.00, -1.57]","[0.0, 0.4]"
DoublePiper-Abs,libero-2-2,L90L6PutTheWhiteMugOnThePlate,"[2.544, -2.046, 0.659]","[0.00, 0.00, -1.57]","[0.0, 0.4]"
DoublePiper-Abs,libero-2-2,L90L4StackTheRightBowlOnTheLeftBowlAndPlaceThemInTheTray,"[2.544, -2.046, 0.659]","[0.00, 0.00, -1.57]","[0.0, 0.4]"
DoublePiper-Abs,libero-2-2,L10L2PutBothTheCreamCheeseBoxAndTheButterInTheBasket,"[2.544, -2.046, 0.659]","[0.00, 0.00, -1.57]","[0.0, 0.0]"
DoublePiper-Abs,libero-2-2,L10L2PutBothTheAlphabetSoupAndTheTomatoSauceInTheBasket,"[2.544, -2.046, 0.659]","[0.00, 0.00, -1.57]","[0.0, 0.4]"
DoublePiper-Abs,libero-2-2,L10L1PutBothTheAlphabetSoupAndTheCreamCheeseBoxInTheBasket,"[2.544, -2.046, 0.659]","[0.00, 0.00, -1.57]","[0.0, 0.4]"
DoublePiper-Abs,libero-2-2,L90L3PickUpTheCreamCheeseAndPutItInTheTray,"[2.544, -2.046, 0.659]","[0.00, 0.00, -1.57]","[0.0, 0.4]"
DoublePiper-Abs,libero-4-4,L90S1PickUpTheYellowAndWhiteMugAndPlaceItToTheRightOfTheCaddy,"[2.41, -2.09, 0.69]","[0.00, 0.00, -1.57]","[0.0, 0.2]"
DoublePiper-Abs,libero-2-2,PutBackBlackBowlOnPlate,"[2.544, -2.046, 0.659]","[0.00, 0.00, -1.57]","[0.0, 0.4]"
DoublePiper-Abs,libero-2-2,L90L5PutTheYellowAndWhiteMugOnTheRightPlate,"[2.544, -2.046, 0.659]","[0.00, 0.00, -1.57]","[0.0, 0.4]"
DoublePiper-Abs,libero-2-2,L90L5PutTheWhiteMugOnTheLeftPlate,"[2.544, -2.046, 0.659]","[0.00, 0.00, -1.57]","[0.0, 0.4]"
DoublePiper-Abs,libero-2-2,PubKetchInTopCabinet,"[2.544, -2.046, 0.659]","[0.00, 0.00, -1.57]","[0.0, 0.4]"
DoublePiper-Abs,libero-2-2,PubBowlInBottonCabinet,"[2.544, -2.046, 0.659]","[0.00, 0.00, -1.57]","[0.0, 0.4]"
DoublePiper-Abs,libero-2-2,L90L4StackTheLeftBowlOnTheRightBowlAndPlaceThemInTheTray,"[2.544, -2.046, 0.659]","[0.00, 0.00, -1.57]","[0.0, 0.4]"
DoublePiper-Abs,libero-2-2,L90L4PickUpTheChocolatePuddingAndPutItInTheTray,"[2.544, -2.046, 0.659]","[0.00, 0.00, -1.57]","[0.0, 0.4]"
DoublePiper-Abs,libero-2-2,L90L1PickUpTheKetchupAndPutItInTheBasket,"[2.544, -2.046, 0.659]","[0.00, 0.00, -1.57]","[0.0, 0.4]"
DoublePiper-Abs,libero-2-2,L90L1PickUpTheCreamCheeseBoxAndPutItInTheBasket,"[2.544, -2.046, 0.659]","[0.00, 0.00, -1.57]","[0.0, 0.4]"
DoublePiper-Abs,libero-2-2,L90L2PickUpTheTomatoSauceAndPutItInTheBasket,"[2.544, -2.046, 0.659]","[0.00, 0.00, -1.57]","[0.0, 0.4]"
DoublePiper-Abs,libero-2-2,L90L2PickUpTheAlphabetSoupAndPutItInTheBasket,"[2.544, -2.046, 0.659]","[0.00, 0.00, -1.57]","[0.0, 0.4]"
DoublePiper-Abs,libero-2-2,L10L6PutWhiteMugOnPlateAndPutChocolatePuddingToRightPlate,"[2.544, -2.046, 0.659]","[0.00, 0.00, -1.57]","[0.0, 0.0]"
DoublePiper-Abs,libero-2-2,L90L6PutTheRedMugOnThePlate,"[2.544, -2.046, 0.659]","[0.00, 0.00, -1.57]","[0.0, 0.4]"
DoublePiper-Abs,libero-2-2,L90L5PutTheRedMugOnTheRightPlate,"[2.544, -2.046, 0.659]","[0.00, 0.00, -1.57]","[0.0, 0.4]"
DoublePiper-Abs,libero-2-2,L90L6PutTheChocolatePuddingToTheLeftOfThePlate,"[2.544, -2.046, 0.659]","[0.00, 0.00, -1.57]","[0.0, 0.4]"
DoublePiper-Abs,libero-2-2,L90L6PutTheChocolatePuddingToTheRightOfThePlate,"[2.544, -2.046, 0.659]","[0.00, 0.00, -1.57]","[0.0, 0.4]"
DoublePiper-Abs,libero-2-2,L90L3PickUpTheAlphabetSoupAndPutItInTheTray,"[2.544, -2.046, 0.659]","[0.00, 0.00, -1.57]","[0.0, 0.4]"
DoublePiper-Abs,libero-5-5,LOPickUpTheAlphabetSoupAndPlaceItInTheBasket,"[2.24, -2.9, 0.0]","[0.00, 0.00, 1.57]","[0.0, 0.0]"
DoublePiper-Abs,libero-5-5,LOPutCreamCheeseInBasket,"[2.24, -2.9, 0.0]","[0.00, 0.00, 1.57]","[0.0, 0.0]"
DoublePiper-Abs,libero-5-5,LOPickUpTheBbqSauceAndPlaceItInTheBasket,"[2.24, -2.9, 0.0]","[0.00, 0.00, 1.57]","[0.0, 0.0]"
DoublePiper-Abs,libero-5-5,LOPickUpTheChocolatePuddingAndPlaceItInTheBasket,"[2.24, -2.9, 0.0]","[0.00, 0.00, 1.57]","[0.0, 0.0]"
DoublePiper-Abs,libero-5-5,LOPickUpTheButterAndPlaceItInTheBasket,"[2.24, -2.9, 0.0]","[0.00, 0.00, 1.57]","[0.0, 0.0]"
DoublePiper-Abs,libero-5-5,LOPickUpTheKetchupAndPlaceItInTheBasket,"[2.24, -2.9, 0.0]","[0.00, 0.00, 1.57]","[0.0, 0.0]"
DoublePiper-Abs,libero-5-5,LOPickUpTheMilkAndPlaceItInTheBasket,"[2.24, -2.9, 0.0]","[0.00, 0.00, 1.57]","[0.0, 0.0]"
DoublePiper-Abs,libero-5-5,LOPickUpTheOrangeJuiceAndPlaceItInTheBasket,"[2.24, -2.9, 0.0]","[0.00, 0.00, 1.57]","[0.0, 0.0]"
DoublePiper-Abs,libero-5-5,LOPickUpTheSaladDressingAndPlaceItInTheBasket,"[2.24, -2.9, 0.0]","[0.00, 0.00, 1.57]","[0.0, 0.0]"
DoublePiper-Abs,libero-5-5,LOPickUpTheTomatoSauceAndPlaceItInTheBasket,"[2.24, -2.9, 0.0]","[0.00, 0.00, 1.57]","[0.0, 0.0]"
DoublePiper-Abs,libero-2-2,L90L2PickUpTheButterAndPutItInTheBasket,"[2.544, -2.046, 0.659]","[0.00, 0.00, -1.57]","[0.0, 0.4]"
DoublePiper-Abs,libero-2-2,PutBlackBowlOnPlate,"[2.544, -2.046, 0.659]","[0.00, 0.00, -1.57]","[0.0, 0.4]"
DoublePiper-Abs,libero-2-2,L90L1PickUpTheAlphabetSoupAndPutItInTheBasket,"[2.544, -2.046, 0.659]","[0.00, 0.00, -1.57]","[0.0, 0.4]"
DoublePiper-Abs,libero-2-2,L90L4PickUpTheBlackBowlOnTheLeftAndPutItInTheTray,"[2.544, -2.046, 0.659]","[0.00, 0.00, -1.57]","[0.0, 0.4]"
DoublePiper-Abs,libero-2-2,L10L5PutWhiteMugOnLeftPlateAndPutYellowAndWhiteMugOnRightPlate,"[2.544, -2.046, 0.659]","[0.00, 0.00, -1.57]","[0.0, 0.4]"
DoublePiper-Abs,libero-2-2,L90L3PickUpTheTomatoSauceAndPutItInTheTray,"[2.544, -2.046, 0.659]","[0.00, 0.00, -1.57]","[0.0, 0.4]"
DoublePiper-Abs,libero-2-2,L90L3PickUpTheKetchupAndPutItInTheTray,"[2.544, -2.046, 0.659]","[0.00, 0.00, -1.57]","[0.0, 0.4]"
DoublePiper-Abs,libero-2-2,L90L5PutTheRedMugOnTheLeftPlate,"[2.544, -2.046, 0.659]","[0.00, 0.00, -1.57]","[0.0, 0.4]"
DoublePiper-Abs,libero-2-2,L90L2PickUpTheOrangeJuiceAndPutItInTheBasket,"[2.544, -2.046, 0.659]","[0.00, 0.00, -1.57]","[0.0, 0.4]"
DoublePiper-Abs,libero-2-2,L90L1PickUpTheTomatoSauceAndPutItInTheBasket,"[2.544, -2.046, 0.659]","[0.00, 0.00, -1.57]","[0.0, 0.4]"
DoublePiper-Abs,libero-2-2,PickUpTheBlackBowlOnTheCookieBoxAndPlaceItOnThePlate,"[2.544, -2.046, 0.659]","[0.00, 0.00, -1.57]","[0.0, 0.4]"
DoublePiper-Abs,libero-2-2,PickUpTheBlackBowlOnTheRamekinAndPlaceItOnThePlate,"[2.544, -2.046, 0.659]","[0.00, 0.00, -1.57]","[0.0, 0.4]"
DoublePiper-Abs,libero-2-2,PickUpTheBlackBowlOnTheStoveAndPlaceItOnThePlate,"[2.544, -2.046, 0.659]","[0.00, 0.00, -1.57]","[0.0, 0.4]"
DoublePiper-Abs,libero-2-2,PickUpTheBlackBowlOnTheWoodenCabinetAndPlaceItOnThePlate,"[2.544, -2.046, 0.659]","[0.00, 0.00, -1.57]","[0.0, 0.4]"
DoublePiper-Abs,libero-1-1,PubBowlOnRightPlate,"[2.43, -1.84, 0.75]","[0.00, 0.00, -1.57]","[0.0, 0.4]"
DoublePiper-Abs,libero-1-1,L90K2StackTheBlackBowlAtTheFrontOnTheBlackBowlInTheMiddle,"[2.43, -1.84, 0.75]","[0.00, 0.00, -1.57]","[0.0, 0.4]"
DoublePiper-Abs,libero-1-1,L90K2PutTheMiddleBlackBowlOnTopOfTheCabinet,"[2.43, -1.84, 0.75]","[0.00, 0.00, -1.57]","[0.0, 0.4]"
DoublePiper-Abs,libero-1-1,L90K9PutTheWhiteBowlOnTopOfTheCabinet,"[2.43, -1.84, 0.75]","[0.00, 0.00, -1.57]","[0.0, 0.4]"
DoublePiper-Abs,libero-1-1,L90K1OpenTheBottomDrawerOfTheCabinet,"[2.43, -1.84, 0.75]","[0.00, 0.00, -1.57]","[0.0, 0.4]"
DoublePiper-Abs,libero-1-1,L90K1PutTheBlackBowlOnThePlate,"[2.43, -1.84, 0.75]","[0.00, 0.00, -1.57]","[0.0, 0.4]"
DoublePiper-Abs,libero-1-1,L90K10PutTheButterAtTheBackInTheTopDrawerOfTheCabinetAndCloseIt,"[2.43, -1.84, 0.75]","[0.00, 0.00, -1.57]","[0.0, 0.4]"
DoublePiper-Abs,libero-1-1,L90K9TurnOnTheStove,"[2.43, -1.84, 0.75]","[0.00, 0.00, -1.57]","[0.0, 0.4]"
DoublePiper-Abs,libero-1-1,L90K3TurnOnTheStove,"[2.43, -1.84, 0.75]","[0.00, 0.00, -1.57]","[0.0, 0.4]"
DoublePiper-Abs,libero-1-1,L90K10CloseTheTopDrawerOfTheCabinetAndPutTheBlackBowlOnTopOfIt,"[2.43, -1.84, 0.75]","[0.00, 0.00, -1.57]","[0.0, 0.4]"
DoublePiper-Abs,libero-1-1,L90K5CloseTheTopDrawerOfTheCabinet,"[2.43, -1.84, 0.75]","[0.00, 0.00, -1.57]","[0.0, 0.4]"
DoublePiper-Abs,libero-1-1,L90K3PutTheMokaPotOnTheStove,"[2.43, -1.84, 0.75]","[0.00, 0.00, -1.57]","[0.0, 0.4]"
DoublePiper-Abs,libero-1-1,L90K5PutTheBlackBowlOnThePlate,"[2.43, -1.84, 0.75]","[0.00, 0.00, -1.57]","[0.0, 0.4]"
DoublePiper-Abs,libero-1-1,L90K10CloseTheTopDrawerOfTheCabinet,"[2.43, -1.84, 0.75]","[0.00, 0.00, -1.57]","[0.0, 0.4]"
DoublePiper-Abs,libero-1-1,L90K1OpenTheTopDrawerOfTheCabinetAndPutTheBowlInIt,"[2.43, -1.84, 0.75]","[0.00, 0.00, -1.57]","[0.0, 0.4]"
DoublePiper-Abs,libero-1-1,L90K3PutTheFryingPanOnTheStove,"[2.43, -1.84, 0.75]","[0.00, 0.00, -1.57]","[0.0, 0.4]"
DoublePiper-Abs,libero-1-1,L90K6PutTheYellowAndWhiteMugToTheFrontOfTheWhiteMug,"[2.43, -1.84, 0.75]","[0.00, 0.00, -1.57]","[0.0, 0.0]"
DoublePiper-Abs,libero-1-1,L90K2PutTheMiddleBlackBowlOnThePlate,"[2.43, -1.84, 0.75]","[0.00, 0.00, -1.57]","[0.0, 0.5]"
DoublePiper-Abs,libero-1-1,L90K2StackTheMiddleBlackBowlOnTheBackBlackBowl,"[2.43, -1.84, 0.75]","[0.00, 0.00, -1.57]","[0.0, 0.2]"
DoublePiper-Abs,libero-1-1,L90K7PutTheWhiteBowlOnThePlate,"[2.43, -1.84, 0.75]","[0.00, 0.00, -1.57]","[0.0, 0.4]"
DoublePiper-Abs,libero-1-1,L90K2PutTheBlackBowlAtTheFrontOnThePlate,"[2.43, -1.84, 0.75]","[0.00, 0.00, -1.57]","[0.0, 0.4]"
DoublePiper-Abs,libero-2-2,L90L4PickUpTheSaladDressingAndPutItInTheTray,"[2.51, -2.0, 0.7]","[0.00, 0.00, -1.57]","[0.0, 0.4]"
DoublePiper-Abs,libero-1-1,L90K4PutTheBlackBowlInTheBottomDrawerOfTheCabinet,"[2.43, -1.84, 0.75]","[0.00, 0.00, -1.57]","[0.0, 0.4]"
DoublePiper-Abs,libero-1-1,L90K4PutTheWineBottleInTheBottomDrawerOfTheCabinet,"[2.43, -1.84, 0.75]","[0.00, 0.00, -1.57]","[0.0, 0.4]"
DoublePiper-Abs,libero-1-1,L90K4PutTheBlackBowlOnTopOfTheCabinet,"[2.43, -1.84, 0.75]","[0.00, 0.00, -1.57]","[0.0, 0.4]"
DoublePiper-Abs,libero-1-1,L10K4PutTheBlackBowlInTheBottomDrawerOfTheCabinetAndCloseIt,"[2.43, -1.84, 0.75]","[0.00, 0.00, -1.57]","[0.0, 0.4]"
DoublePiper-Abs,libero-1-1,L90K4CloseTheBottomDrawerOfTheCabinetAndOpenTheTopDrawer,"[2.43, -1.84, 0.75]","[0.00, 0.00, -1.57]","[0.0, 0.4]"
DoublePiper-Abs,libero-1-1,L90K5PutTheBlackBowlOnTopOfTheCabinet,"[2.43, -1.84, 0.75]","[0.00, 0.00, -1.57]","[0.0, 0.4]"
DoublePiper-Abs,libero-1-1,L90K5PutTheKetchupInTheTopDrawerOfTheCabinet,"[2.43, -1.84, 0.75]","[0.00, 0.00, -1.57]","[0.0, 0.4]"
DoublePiper-Abs,libero-1-1,L90K2PutTheBlackBowlAtTheBackOnThePlate,"[2.43, -1.84, 0.75]","[0.00, 0.00, -1.57]","[0.0, 0.4]"
DoublePiper-Abs,libero-1-1,L90K2OpenTheTopDrawerOfTheCabinet,"[2.43, -1.84, 0.75]","[0.00, 0.00, -1.57]","[0.0, 0.4]"
DoublePiper-Abs,libero-1-1,L90K7PutTheWhiteBowlToTheRightOfThePlate,"[2.43, -1.84, 0.75]","[0.00, 0.00, -1.57]","[0.0, 0.4]"
DoublePiper-Abs,libero-1-1,L90K7OpenTheMicrowave,"[2.43, -1.84, 0.75]","[0.00, 0.00, -1.57]","[0.0, 0.4]"
DoublePiper-Abs,libero-1-1,L90K3TurnOnTheStoveAndPutTheFryingPanOnIt,"[2.43, -1.84, 0.75]","[0.00, 0.00, -1.57]","[0.0, 0.4]"
DoublePiper-Abs,libero-1-1,L90K9TurnOnTheStoveAndPutTheFryingPanOnIt,"[2.43, -1.84, 0.75]","[0.00, 0.00, -1.57]","[0.0, 0.4]"
DoublePiper-Abs,libero-1-1,L10K3TurnOnTheStoveAndPutTheMokaPotOnIt,"[2.43, -1.84, 0.75]","[0.00, 0.00, -1.57]","[0.0, 0.4]"
DoublePiper-Abs,libero-1-1,L90K1OpenTheTopDrawerOfTheCabinet,"[2.43, -1.84, 0.75]","[0.00, 0.00, -1.57]","[0.0, 0.4]"
DoublePiper-Abs,libero-1-1,L90K6CloseTheMicrowave,"[2.43, -1.84, 0.75]","[0.00, 0.00, -1.57]","[0.0, 0.4]"
DoublePiper-Abs,libero-1-1,LGOpenTopDrawerOfCabinet,"[2.43, -1.84, 0.75]","[0.00, 0.00, -1.57]","[0.0, 0.4] "
DoublePiper-Abs,libero-1-1,L10K6PutTheYellowAndWhiteMugInTheMicrowaveAndCloseIt,"[2.43, -1.84, 0.75]","[0.00, 0.00, -1.57]","[0.0, 0.0]"
DoublePiper-Abs,libero-1-1,L90K10PutTheBlackBowlInTheTopDrawerOfTheCabinet,"[2.43, -1.84, 0.75]","[0.00, 0.00, -1.57]","[0.0, 0.0]"
DoublePiper-Abs,libero-1-1,L90K10PutTheButterAtTheFrontInTheTopDrawerOfTheCabinetAndCloseIt,"[2.43, -1.84, 0.75]","[0.00, 0.00, -1.57]","[0.0, 0.4]"
DoublePiper-Abs,libero-1-1,L90K10PutTheChocolatePuddingInTheTopDrawerOfTheCabinetAndCloseIt,"[2.43, -1.84, 0.75]","[0.00, 0.00, -1.57]","[0.0, 0.0]"
DoublePiper-Abs,libero-1-1,L10K8PutBothMokaPotsOnTheStove,"[2.43, -1.84, 0.75]","[0.00, 0.00, -1.57]","[0.0, 0.4]"
DoublePiper-Abs,libero-1-1,L90K9PutTheFryingPanOnTheCabinetShelf,"[2.43, -1.84, 0.75]","[0.00, 0.00, -1.57]","[0.0, 0.4]"
DoublePiper-Abs,libero-1-1,L90K9PutTheFryingPanOnTopOfTheCabinet,"[2.43, -1.84, 0.75]","[0.00, 0.00, -1.57]","[0.0, 0.4]"
DoublePiper-Abs,libero-1-1,L90K9PutTheFryingPanUnderTheCabinetShelf,"[2.43, -1.84, 0.75]","[0.00, 0.00, -1.57]","[0.0, 0.0]"
DoublePiper-Abs,libero-1-1,L90K8PutTheRightMokaPotOnTheStove,"[2.43, -1.84, 0.75]","[0.00, 0.00, -1.57]","[0.0, 0.4]"
DoublePiper-Abs,libero-2-2,L90L2PickUpTheMilkAndPutItInTheBasket,"[2.544, -2.046, 0.7]","[0.00, 0.00, -1.57]","[0.0, 0.0]"
DoublePiper-Abs,libero-4-4,L90S4PickUpTheBookOnTheLeftAndPlaceItOnTopOfTheShelf,"[2.41, -2.09, 0.69]","[0.00, 0.00, -1.57]","[0.0, 0.2]"
DoublePiper-Abs,libero-4-4,L90S4PickUpTheBookOnTheRightAndPlaceItOnTheCabinetShelf,"[2.41, -2.09, 0.69]","[0.00, 0.00, -1.57]","[0.0, 0.2]"
DoublePiper-Abs,libero-1-1,L90K1PutTheBlackBowlOnTopOfTheCabinet,"[2.43, -1.84, 0.75]","[0.00, 0.00, -1.57]","[0.0, 0.4]"
DoublePiper-Abs,libero-1-1,L90K8TurnOffTheStove,"[2.43, -1.84, 0.75]","[0.00, 0.00, -1.57]","[0.0, 0.4]"
DoublePiper-Abs,libero-4-4,L90S2PickUpTheBookAndPlaceItInTheLeftCompartmentOfTheCaddy,"[2.544, -2.046, 0.659]","[0.00, 0.00, -1.57]","[0.0, 0.4]"
X7S-Abs,libero-1-1,L90K9PutTheFryingPanUnderTheCabinetShelf,"[2.45, -1.16, 0.07]","[0.00, 0.00, -1.57]","[0.0, -0.5]"
X7S-Abs,libero-2-2,L90L2PickUpTheMilkAndPutItInTheBasket,"[2.45, -1.31, 0.07]","[0.00, 0.00, -1.57]","[0.0, -0.5]"
X7S-Abs,libero-1-1,L90K1PutTheBlackBowlOnTopOfTheCabinet,"[2.45, -1.16, 0.07]","[0.00, 0.00, -1.57]","[0.0, -0.5]"
X7S-Abs,libero-1-1,L90K8TurnOffTheStove,"[2.45, -1.16, 0.07]","[0.00, 0.00, -1.57]","[0.0, -0.5]"
X7S-Abs,libero-1-1,L90K9PutTheFryingPanOnTopOfTheCabinet,"[2.45, -1.16, 0.07]","[0.00, 0.00, -1.57]","[0.0, -0.5]"
X7S-Abs,libero-1-1,L90K9PutTheFryingPanOnTheCabinetShelf,"[2.45, -1.16, 0.07]","[0.00, 0.00, -1.57]","[0.0, 0.2]"
X7S-Abs,libero-1-1,L10K8PutBothMokaPotsOnTheStove,"[2.45, -1.16, 0.07]","[0.00, 0.00, -1.57]","[0.0, -0.5]"
X7S-Abs,libero-1-1,L90K8PutTheRightMokaPotOnTheStove,"[2.45, -1.16, 0.07]","[0.00, 0.00, -1.57]","[0.0, -0.5]"
X7S-Abs,libero-1-1,L10K6PutTheYellowAndWhiteMugInTheMicrowaveAndCloseIt,"[2.45, -1.16, 0.07]","[0.00, 0.00, -1.57]","[-0.3, 0.0]"
X7S-Abs,libero-1-1,L90K10PutTheChocolatePuddingInTheTopDrawerOfTheCabinetAndCloseIt,"[2.45, -1.16, 0.07]","[0.00, 0.00, -1.57]","[0.0, -0.5]"
X7S-Abs,libero-1-1,L90K10PutTheButterAtTheFrontInTheTopDrawerOfTheCabinetAndCloseIt,"[2.45, -1.16, 0.07]","[0.00, 0.00, -1.57]","[0.0, -0.5]"
X7S-Abs,libero-1-1,L90K10PutTheBlackBowlInTheTopDrawerOfTheCabinet,"[2.45, -1.16, 0.07]","[0.00, 0.00, -1.57]","[0.0, 0.0]"
X7S-Abs,libero-1-1,LGOpenTopDrawerOfCabinet,"[2.45, -1.16, 0.07]","[0.00, 0.00, -1.57]","[0.0, -0.5]"
X7S-Abs,libero-2-2,L90L4PickUpTheSaladDressingAndPutItInTheTray,"[2.45, -1.31, 0.07]","[0.00, 0.00, -1.57]","[0.0, -0.5]"
X7S-Abs,libero-2-2,L90L1PickUpTheTomatoSauceAndPutItInTheBasket,"[2.45, -1.31, 0.07]","[0.00, 0.00, -1.57]","[0.0, -0.5]"
X7S-Abs,libero-2-2,L90L2PickUpTheOrangeJuiceAndPutItInTheBasket,"[2.45, -1.31, 0.07]","[0.00, 0.00, -1.57]","[0.0, -0.5]"
X7S-Abs,libero-2-2,L10L2PutBothTheCreamCheeseBoxAndTheButterInTheBasket,"[2.45, -1.31, 0.07]","[0.00, 0.00, -1.57]","[0.0, -0.5]"
X7S-Abs,libero-2-2,L10L2PutBothTheAlphabetSoupAndTheTomatoSauceInTheBasket,"[2.45, -1.31, 0.07]","[0.00, 0.00, -1.57]","[0.0, -0.5]"
X7S-Abs,libero-2-2,L10L1PutBothTheAlphabetSoupAndTheCreamCheeseBoxInTheBasket,"[2.45, -1.31, 0.07]","[0.00, 0.00, -1.57]","[0.0, -0.5]"
X7S-Abs,libero-2-2,L90L3PickUpTheCreamCheeseAndPutItInTheTray,"[2.45, -1.31, 0.07]","[0.00, 0.00, -1.57]","[0.0, -0.5]"
X7S-Abs,libero-4-4,L90S1PickUpTheYellowAndWhiteMugAndPlaceItToTheRightOfTheCaddy,"[2.45, -1.41, 0.07]","[0.00, 0.00, -1.57]","[0.0, -0.2]"
X7S-Abs,libero-2-2,PutBackBlackBowlOnPlate,"[2.45, -1.31, 0.07]","[0.00, 0.00, -1.57]","[0.0, -0.5]"
X7S-Abs,libero-2-2,L90L5PutTheYellowAndWhiteMugOnTheRightPlate,"[2.45, -1.31, 0.07]","[0.00, 0.00, -1.57]","[0.0, -0.5]"
X7S-Abs,libero-2-2,L90L5PutTheWhiteMugOnTheLeftPlate,"[2.45, -1.31, 0.07]","[0.00, 0.00, -1.57]","[0.0, -0.5]"
X7S-Abs,libero-2-2,PubKetchInTopCabinet,"[2.45, -1.31, 0.07]","[0.00, 0.00, -1.57]","[0.0, -0.5]"
X7S-Abs,libero-2-2,PubBowlInBottonCabinet,"[2.45, -1.31, 0.07]","[0.00, 0.00, -1.57]","[0.0, -0.5]"
X7S-Abs,libero-2-2,L90L4StackTheLeftBowlOnTheRightBowlAndPlaceThemInTheTray,"[2.45, -1.31, 0.07]","[0.00, 0.00, -1.57]","[0.0, -0.5]"
X7S-Abs,libero-2-2,L90L4PickUpTheChocolatePuddingAndPutItInTheTray,"[2.45, -1.31, 0.07]","[0.00, 0.00, -1.57]","[0.0, -0.5]"
X7S-Abs,libero-2-2,L90L1PickUpTheKetchupAndPutItInTheBasket,"[2.45, -1.31, 0.07]","[0.00, 0.00, -1.57]","[0.0, -0.5]"
X7S-Abs,libero-2-2,L90L1PickUpTheCreamCheeseBoxAndPutItInTheBasket,"[2.45, -1.31, 0.07]","[0.00, 0.00, -1.57]","[0.0, -0.5]"
X7S-Abs,libero-2-2,L90L2PickUpTheTomatoSauceAndPutItInTheBasket,"[2.45, -1.31, 0.07]","[0.00, 0.00, -1.57]","[0.0, -0.5]"
X7S-Abs,libero-2-2,L90L2PickUpTheAlphabetSoupAndPutItInTheBasket,"[2.45, -1.31, 0.07]","[0.00, 0.00, -1.57]","[0.0, -0.5]"
X7S-Abs,libero-2-2,L10L6PutWhiteMugOnPlateAndPutChocolatePuddingToRightPlate,"[2.45, -1.31, 0.07]","[0.00, 0.00, -1.57]","[0.0, -0.5]"
X7S-Abs,libero-2-2,L90L6PutTheRedMugOnThePlate,"[2.45, -1.31, 0.07]","[0.00, 0.00, -1.57]","[0.0, -0.5]"
X7S-Abs,libero-2-2,L90L5PutTheRedMugOnTheRightPlate,"[2.45, -1.31, 0.07]","[0.00, 0.00, -1.57]","[0.0, -0.5]"
X7S-Abs,libero-2-2,L90L6PutTheChocolatePuddingToTheLeftOfThePlate,"[2.45, -1.31, 0.07]","[0.00, 0.00, -1.57]","[0.0, -0.5]"
X7S-Abs,libero-2-2,L90L6PutTheChocolatePuddingToTheRightOfThePlate,"[2.45, -1.31, 0.07]","[0.00, 0.00, -1.57]","[0.0, -0.5]"
X7S-Abs,libero-2-2,L90L3PickUpTheAlphabetSoupAndPutItInTheTray,"[2.45, -1.31, 0.07]","[0.00, 0.00, -1.57]","[0.0, -0.5]"
X7S-Abs,libero-5-5,LOPickUpTheAlphabetSoupAndPlaceItInTheBasket,"[2.45, -1.0, 0.07]","[0.00, 0.00, -1.57]","[0.0, -0.5]"
X7S-Abs,libero-5-5,LOPutCreamCheeseInBasket,"[2.45, -1.0, 0.07]","[0.00, 0.00, -1.57]","[0.0, -0.5]"
X7S-Abs,libero-5-5,LOPickUpTheBbqSauceAndPlaceItInTheBasket,"[2.45, -1.0, 0.07]","[0.00, 0.00, -1.57]","[0.0, -0.5]"
X7S-Abs,libero-5-5,LOPickUpTheChocolatePuddingAndPlaceItInTheBasket,"[2.45, -1.0, 0.07]","[0.00, 0.00, -1.57]","[0.0, -0.5]"
X7S-Abs,libero-5-5,LOPickUpTheButterAndPlaceItInTheBasket,"[2.45, -1.0, 0.07]","[0.00, 0.00, -1.57]","[0.0, -0.5]"
X7S-Abs,libero-5-5,LOPickUpTheKetchupAndPlaceItInTheBasket,"[2.45, -1.0, 0.07]","[0.00, 0.00, -1.57]","[0.0, -0.5]"
X7S-Abs,libero-5-5,LOPickUpTheMilkAndPlaceItInTheBasket,"[2.45, -1.0, 0.07]","[0.00, 0.00, -1.57]","[0.0, -0.5]"
X7S-Abs,libero-5-5,LOPickUpTheOrangeJuiceAndPlaceItInTheBasket,"[2.45, -1.0, 0.07]","[0.00, 0.00, -1.57]","[0.0, -0.5]"
X7S-Abs,libero-5-5,LOPickUpTheSaladDressingAndPlaceItInTheBasket,"[2.45, -1.0, 0.07]","[0.00, 0.00, -1.57]","[0.0, -0.5]"
X7S-Abs,libero-5-5,LOPickUpTheTomatoSauceAndPlaceItInTheBasket,"[2.45, -1.0, 0.07]","[0.00, 0.00, -1.57]","[0.0, -0.5]"
X7S-Abs,libero-2-2,L90L2PickUpTheButterAndPutItInTheBasket,"[2.45, -1.31, 0.07]","[0.00, 0.00, -1.57]","[0.0, -0.5]"
X7S-Abs,libero-2-2,PutBlackBowlOnPlate,"[2.45, -1.31, 0.07]","[0.00, 0.00, -1.57]","[0.0, -0.5]"
X7S-Abs,libero-2-2,L90L1PickUpTheAlphabetSoupAndPutItInTheBasket,"[2.45, -1.31, 0.07]","[0.00, 0.00, -1.57]","[0.0, -0.5]"
X7S-Abs,libero-2-2,L90L4PickUpTheBlackBowlOnTheLeftAndPutItInTheTray,"[2.45, -1.31, 0.07]","[0.00, 0.00, -1.57]","[0.0, -0.5]"
X7S-Abs,libero-2-2,L10L5PutWhiteMugOnLeftPlateAndPutYellowAndWhiteMugOnRightPlate,"[2.45, -1.31, 0.07]","[0.00, 0.00, -1.57]","[0.0, -0.5]"
X7S-Abs,libero-2-2,L90L3PickUpTheTomatoSauceAndPutItInTheTray,"[2.45, -1.31, 0.07]","[0.00, 0.00, -1.57]","[0.0, -0.5]"
X7S-Abs,libero-2-2,L90L3PickUpTheKetchupAndPutItInTheTray,"[2.45, -1.31, 0.07]","[0.00, 0.00, -1.57]","[0.0, -0.5]"
X7S-Abs,libero-2-2,L90L5PutTheRedMugOnTheLeftPlate,"[2.45, -1.31, 0.07]","[0.00, 0.00, -1.57]","[0.0, -0.5]"
X7S-Abs,libero-2-2,PickUpTheBlackBowlOnTheWoodenCabinetAndPlaceItOnThePlate,"[2.45, -1.31, 0.07]","[0.00, 0.00, -1.57]","[0.0, -0.5]"
X7S-Abs,libero-2-2,PickUpTheBlackBowlOnTheCookieBoxAndPlaceItOnThePlate,"[2.45, -1.31, 0.07]","[0.00, 0.00, -1.57]","[0.0, -0.5]"
X7S-Abs,libero-2-2,PickUpTheBlackBowlOnTheRamekinAndPlaceItOnThePlate,"[2.45, -1.31, 0.07]","[0.00, 0.00, -1.57]","[0.0, -0.5]"
X7S-Abs,libero-2-2,PickUpTheBlackBowlOnTheStoveAndPlaceItOnThePlate,"[2.45, -1.31, 0.07]","[0.00, 0.00, -1.57]","[0.0, -0.5]"
X7S-Abs,libero-2-2,L90L3PickUpTheButterAndPutItInTheTray,"[2.45, -1.31, 0.07]","[0.00, 0.00, -1.57]","[0.0, -0.5]"
X7S-Abs,libero-2-2,L90L4StackTheRightBowlOnTheLeftBowlAndPlaceThemInTheTray,"[2.45, -1.31, 0.07]","[0.00, 0.00, -1.57]","[0.0, -0.5]"
X7S-Abs,libero-1-1,PubBowlOnRightPlate,"[2.45, -1.16, 0.07]","[0.00, 0.00, -1.57]","[0.0, -0.5]"
X7S-Abs,libero-1-1,L90K2StackTheBlackBowlAtTheFrontOnTheBlackBowlInTheMiddle,"[2.45, -1.16, 0.07]","[0.00, 0.00, -1.57]","[0.0, -0.5]"
X7S-Abs,libero-1-1,L90K2PutTheMiddleBlackBowlOnTopOfTheCabinet,"[2.45, -1.16, 0.07]","[0.00, 0.00, -1.57]","[0.0, -0.5]"
X7S-Abs,libero-1-1,L90K9PutTheWhiteBowlOnTopOfTheCabinet,"[2.45, -1.16, 0.07]","[0.00, 0.00, -1.57]","[0.0, -0.5]"
X7S-Abs,libero-1-1,L90K1OpenTheBottomDrawerOfTheCabinet,"[2.45, -1.16, 0.07]","[0.00, 0.00, -1.57]","[0.0, -0.5]"
X7S-Abs,libero-1-1,L90K10PutTheButterAtTheBackInTheTopDrawerOfTheCabinetAndCloseIt,"[2.45, -1.16, 0.07]","[0.00, 0.00, -1.57]","[-0.1, 0.5]"
X7S-Abs,libero-1-1,L90K9TurnOnTheStove,"[2.45, -1.16, 0.07]","[0.00, 0.00, -1.57]","[0.0, -0.5]"
X7S-Abs,libero-1-1,L90K3TurnOnTheStove,"[2.45, -1.16, 0.07]","[0.00, 0.00, -1.57]","[0.0, -0.5]"
X7S-Abs,libero-1-1,L90K10CloseTheTopDrawerOfTheCabinetAndPutTheBlackBowlOnTopOfIt,"[2.45, -1.16, 0.07]","[0.00, 0.00, -1.57]","[0.0, -0.5]"
X7S-Abs,libero-1-1,L90K5CloseTheTopDrawerOfTheCabinet,"[2.45, -1.16, 0.07]","[0.00, 0.00, -1.57]","[0.0, -0.5]"
X7S-Abs,libero-1-1,L90K3PutTheMokaPotOnTheStove,"[2.45, -1.16, 0.07]","[0.00, 0.00, -1.57]","[0.0, -0.5]"
X7S-Abs,libero-1-1,L90K5PutTheBlackBowlOnThePlate,"[2.45, -1.16, 0.07]","[0.00, 0.00, -1.57]","[0.0, -0.5]"
X7S-Abs,libero-1-1,L90K10CloseTheTopDrawerOfTheCabinet,"[2.45, -1.16, 0.07]","[0.00, 0.00, -1.57]","[0.0, -0.5]"
X7S-Abs,libero-1-1,L90K1OpenTheTopDrawerOfTheCabinetAndPutTheBowlInIt,"[2.45, -1.16, 0.07]","[0.00, 0.00, -1.57]","[0.0, -0.5]"
X7S-Abs,libero-1-1,L90K3PutTheFryingPanOnTheStove,"[2.45, -1.16, 0.07]","[0.00, 0.00, -1.57]","[0.0, -0.5]"
X7S-Abs,libero-1-1,L90K6PutTheYellowAndWhiteMugToTheFrontOfTheWhiteMug,"[2.45, -1.16, 0.07]","[0.00, 0.00, -1.57]","[0.0, -0.5]"
X7S-Abs,libero-1-1,L90K2PutTheMiddleBlackBowlOnThePlate,"[2.45, -1.16, 0.07]","[0.00, 0.00, -1.57]","[0.0, -0.5]"
X7S-Abs,libero-1-1,L90K2StackTheMiddleBlackBowlOnTheBackBlackBowl,"[2.45, -1.16, 0.07]","[0.00, 0.00, -1.57]","[0.0, -0.5]"
X7S-Abs,libero-1-1,L90K7PutTheWhiteBowlOnThePlate,"[2.45, -1.16, 0.07]","[0.00, 0.00, -1.57]","[0.0, -0.5]"
X7S-Abs,libero-1-1,L90K2PutTheBlackBowlAtTheFrontOnThePlate,"[2.45, -1.16, 0.07]","[0.00, 0.00, -1.57]","[0.0, -0.5]"
X7S-Abs,libero-1-1,L90K4PutTheBlackBowlInTheBottomDrawerOfTheCabinet,"[2.45, -1.16, 0.07]","[0.00, 0.00, -1.57]","[0.0, -0.5]"
X7S-Abs,libero-1-1,L90K4PutTheWineBottleInTheBottomDrawerOfTheCabinet,"[2.45, -1.16, 0.07]","[0.00, 0.00, -1.57]","[0.0, -0.5]"
X7S-Abs,libero-1-1,L90K4PutTheBlackBowlOnTopOfTheCabinet,"[2.45, -1.16, 0.07]","[0.00, 0.00, -1.57]","[0.0, -0.5]"
X7S-Abs,libero-1-1,L10K4PutTheBlackBowlInTheBottomDrawerOfTheCabinetAndCloseIt,"[2.45, -1.16, 0.07]","[0.00, 0.00, -1.57]","[0.0, -0.5]"
X7S-Abs,libero-1-1,L90K4CloseTheBottomDrawerOfTheCabinetAndOpenTheTopDrawer,"[2.45, -1.16, 0.07]","[0.00, 0.00, -1.57]","[0.0, -0.5]"
X7S-Abs,libero-1-1,L90K5PutTheBlackBowlOnTopOfTheCabinet,"[2.45, -1.16, 0.07]","[0.00, 0.00, -1.57]","[0.0, -0.5]"
X7S-Abs,libero-1-1,L90K5PutTheKetchupInTheTopDrawerOfTheCabinet,"[2.45, -1.16, 0.07]","[0.00, 0.00, -1.57]","[0.0, -0.5]"
X7S-Abs,libero-1-1,L90K2PutTheBlackBowlAtTheBackOnThePlate,"[2.45, -1.16, 0.07]","[0.00, 0.00, -1.57]","[0.0, -0.5]"
X7S-Abs,libero-1-1,L90K2OpenTheTopDrawerOfTheCabinet,"[2.45, -1.16, 0.07]","[0.00, 0.00, -1.57]","[0.0, -0.5]"
X7S-Abs,libero-1-1,L90K7PutTheWhiteBowlToTheRightOfThePlate,"[2.45, -1.16, 0.07]","[0.00, 0.00, -1.57]","[0.0, -0.5]"
X7S-Abs,libero-1-1,L90K7OpenTheMicrowave,"[2.45, -1.16, 0.07]","[0.00, 0.00, -1.57]","[0.0, -0.5]"
X7S-Abs,libero-1-1,L90K3TurnOnTheStoveAndPutTheFryingPanOnIt,"[2.45, -1.16, 0.07]","[0.00, 0.00, -1.57]","[0.0, -0.5]"
X7S-Abs,libero-1-1,L90K9TurnOnTheStoveAndPutTheFryingPanOnIt,"[2.45, -1.16, 0.07]","[0.00, 0.00, -1.57]","[0.0, -0.5]"
X7S-Abs,libero-1-1,L10K3TurnOnTheStoveAndPutTheMokaPotOnIt,"[2.45, -1.16, 0.07]","[0.00, 0.00, -1.57]","[0.0, -0.5]"
X7S-Abs,libero-1-1,L90K1OpenTheTopDrawerOfTheCabinet,"[2.45, -1.16, 0.07]","[0.00, 0.00, -1.57]","[0.0, -0.5]"
X7S-Abs,libero-1-1,L90K6CloseTheMicrowave,"[2.45, -1.16, 0.07]","[0.00, 0.00, -1.57]","[0.0, -0.5]"
X7S-Abs,libero-4-4,L90S4PickUpTheBookOnTheLeftAndPlaceItOnTopOfTheShelf,"[2.45, -1.41, 0.07]","[0.00, 0.00, -1.57]","[0.0, -0.2]"
X7S-Abs,libero-4-4,L90S4PickUpTheBookOnTheRightAndPlaceItOnTheCabinetShelf,"[2.45, -1.41, 0.07]","[0.00, 0.00, -1.57]","[0.0, -0.2]"
G1-Controller,libero-1-1,L90K8PutTheRightMokaPotOnTheStove,"[2.45, -1.5, 0.8]","[0.00, 0.00, -1.57]","[0.0, -0.5]"
X7S-Abs,libero-4-4,L90S2PickUpTheBookAndPlaceItInTheLeftCompartmentOfTheCaddy,"[2.45, -1.41, 0.07]","[0.00, 0.00, -1.57]","[0.0, -0.5]"
G1-Controller,libero-1-1,L10K6PutTheYellowAndWhiteMugInTheMicrowaveAndCloseIt,"[2.45, -1.5, 0.8]","[0.00, 0.00, -1.57]","[0.0, -0.5]"
G1-Controller,libero-1-1,L90K10PutTheChocolatePuddingInTheTopDrawerOfTheCabinetAndCloseIt,"[2.45, -1.5, 0.8]","[0.00, 0.00, -1.57]","[0.0, -0.5]"
G1-Controller,libero-1-1,L90K10PutTheButterAtTheFrontInTheTopDrawerOfTheCabinetAndCloseIt,"[2.45, -1.5, 0.8]","[0.00, 0.00, -1.57]","[0.0, -0.5]"
G1-Controller,libero-1-1,L90K10PutTheBlackBowlInTheTopDrawerOfTheCabinet,"[2.45, -1.5, 0.8]","[0.00, 0.00, -1.57]","[0.0, 0.0]"
G1-Controller,libero-1-1,LGOpenTopDrawerOfCabinet,"[2.45, -1.5, 0.8]","[0.00, 0.00, -1.57]","[0.0, -0.5]"
G1-Controller,libero-2-2,L90L4PickUpTheSaladDressingAndPutItInTheTray,"[2.45, -1.5, 0.8]","[0.00, 0.00, -1.57]","[0.0, -0.5]"
G1-Controller,libero-2-2,L90L1PickUpTheTomatoSauceAndPutItInTheBasket,"[2.45, -1.5, 0.8]","[0.00, 0.00, -1.57]","[0.0, -0.5]"
G1-Controller,libero-2-2,L90L2PickUpTheOrangeJuiceAndPutItInTheBasket,"[2.45, -1.5, 0.8]","[0.00, 0.00, -1.57]","[0.0, -0.5]"
G1-Controller,libero-2-2,L10L2PutBothTheCreamCheeseBoxAndTheButterInTheBasket,"[2.45, -1.5, 0.8]","[0.00, 0.00, -1.57]","[0.0, -0.5]"
G1-Controller,libero-2-2,L10L2PutBothTheAlphabetSoupAndTheTomatoSauceInTheBasket,"[2.45, -1.5, 0.8]","[0.00, 0.00, -1.57]","[0.0, -0.5]"
G1-Controller,libero-2-2,L10L1PutBothTheAlphabetSoupAndTheCreamCheeseBoxInTheBasket,"[2.45, -1.5, 0.8]","[0.00, 0.00, -1.57]","[0.0, -0.5]"
G1-Controller,libero-2-2,L90L3PickUpTheCreamCheeseAndPutItInTheTray,"[2.45, -1.5, 0.8]","[0.00, 0.00, -1.57]","[0.0, -0.9]"
G1-Controller,libero-2-2,L90S1PickUpTheYellowAndWhiteMugAndPlaceItToTheRightOfTheCaddy,"[2.45, -1.5, 0.8]","[0.00, 0.00, -1.57]","[0.0, -0.5]"
G1-Controller,libero-2-2,PutBackBlackBowlOnPlate,"[2.45, -1.5, 0.8]","[0.00, 0.00, -1.57]","[0.0, -0.5]"
G1-Controller,libero-2-2,L90L5PutTheYellowAndWhiteMugOnTheRightPlate,"[2.45, -1.5, 0.8]","[0.00, 0.00, -1.57]","[0.0, -0.5]"
G1-Controller,libero-2-2,L90L5PutTheWhiteMugOnTheLeftPlate,"[2.45, -1.5, 0.8]","[0.00, 0.00, -1.57]","[0.0, -0.5]"
G1-Controller,libero-2-2,PubKetchInTopCabinet,"[2.45, -1.5, 0.8]","[0.00, 0.00, -1.57]","[0.0, -0.5]"
G1-Controller,libero-2-2,PubBowlInBottonCabinet,"[2.45, -1.5, 0.8]","[0.00, 0.00, -1.57]","[0.0, -0.5]"
G1-Controller,libero-2-2,L90L4StackTheLeftBowlOnTheRightBowlAndPlaceThemInTheTray,"[2.45, -1.5, 0.8]","[0.00, 0.00, -1.57]","[0.0, -0.5]"
G1-Controller,libero-2-2,L90L4PickUpTheChocolatePuddingAndPutItInTheTray,"[2.45, -1.5, 0.8]","[0.00, 0.00, -1.57]","[0.0, -0.5]"
G1-Controller,libero-2-2,L90L1PickUpTheKetchupAndPutItInTheBasket,"[2.45, -1.5, 0.8]","[0.00, 0.00, -1.57]","[0.0, -0.5]"
G1-Controller,libero-2-2,L90L1PickUpTheCreamCheeseBoxAndPutItInTheBasket,"[2.45, -1.5, 0.8]","[0.00, 0.00, -1.57]","[0.0, -0.5]"
G1-Controller,libero-2-2,L90L2PickUpTheTomatoSauceAndPutItInTheBasket,"[2.45, -1.5, 0.8]","[0.00, 0.00, -1.57]","[0.0, -0.5]"
G1-Controller,libero-2-2,L90L2PickUpTheAlphabetSoupAndPutItInTheBasket,"[2.45, -1.5, 0.8]","[0.00, 0.00, -1.57]","[0.0, -0.5]"
G1-Controller,libero-2-2,L10L6PutWhiteMugOnPlateAndPutChocolatePuddingToRightPlate,"[2.45, -1.5, 0.8]","[0.00, 0.00, -1.57]","[0.0, -0.5]"
G1-Controller,libero-2-2,L90L6PutTheRedMugOnThePlate,"[2.45, -1.5, 0.8]","[0.00, 0.00, -1.57]","[0.0, -0.5]"
G1-Controller,libero-2-2,L90L5PutTheRedMugOnTheRightPlate,"[2.45, -1.5, 0.8]","[0.00, 0.00, -1.57]","[0.0, -0.5]"
G1-Controller,libero-2-2,L90L6PutTheChocolatePuddingToTheLeftOfThePlate,"[2.45, -1.5, 0.8]","[0.00, 0.00, -1.57]","[0.0, -0.5]"
G1-Controller,libero-2-2,L90L6PutTheChocolatePuddingToTheRightOfThePlate,"[2.45, -1.5, 0.8]","[0.00, 0.00, -1.57]","[0.0, -0.5]"
G1-Controller,libero-2-2,L90L3PickUpTheAlphabetSoupAndPutItInTheTray,"[2.45, -1.5, 0.8]","[0.00, 0.00, -1.57]","[0.0, -0.5]"
G1-Controller,libero-5-5,LOPickUpTheBbqSauceAndPlaceItInTheBasket,"[2.45, -1.5, 0.8]","[0.00, 0.00, -1.57]","[0.0, -0.5]"
G1-Controller,libero-5-5,LOPickUpTheChocolatePuddingAndPlaceItInTheBasket,"[2.45, -1.5, 0.8]","[0.00, 0.00, -1.57]","[0.0, -0.5]"
G1-Controller,libero-5-5,LOPickUpTheButterAndPlaceItInTheBasket,"[2.45, -1.5, 0.8]","[0.00, 0.00, -1.57]","[0.0, -0.5]"
G1-Controller,libero-5-5,LOPickUpTheMilkAndPlaceItInTheBasket,"[2.45, -1.5, 0.8]","[0.00, 0.00, -1.57]","[0.0, -0.5]"
G1-Controller,libero-5-5,LOPickUpTheOrangeJuiceAndPlaceItInTheBasket,"[2.45, -1.5, 0.8]","[0.00, 0.00, -1.57]","[0.0, -0.5]"
G1-Controller,libero-5-5,LOPickUpTheKetchupAndPlaceItInTheBasket,"[2.45, -1.5, 0.8]","[0.00, 0.00, -1.57]","[0.0, -0.5]"
G1-Controller,libero-5-5,LOPickUpTheAlphabetSoupAndPlaceItInTheBasket,"[2.45, -1.5, 0.8]","[0.00, 0.00, -1.57]","[0.0, -0.5]"
G1-Controller,libero-5-5,LOPutCreamCheeseInBasket,"[2.45, -1.5, 0.8]","[0.00, 0.00, -1.57]","[0.0, -0.5]"
G1-Controller,libero-5-5,LOPickUpTheSaladDressingAndPlaceItInTheBasket,"[2.45, -1.5, 0.8]","[0.00, 0.00, -1.57]","[0.0, -0.5]"
G1-Controller,libero-5-5,LOPickUpTheTomatoSauceAndPlaceItInTheBasket,"[2.45, -1.5, 0.8]","[0.00, 0.00, -1.57]","[0.0, -0.5]"
G1-Controller,libero-2-2,L90L2PickUpTheButterAndPutItInTheBasket,"[2.45, -1.5, 0.8]","[0.00, 0.00, -1.57]","[0.0, -0.5]"
G1-Controller,libero-2-2,PutBlackBowlOnPlate,"[2.45, -1.5, 0.8]","[0.00, 0.00, -1.57]","[0.0, -0.5]"
G1-Controller,libero-2-2,L90L1PickUpTheAlphabetSoupAndPutItInTheBasket,"[2.45, -1.5, 0.8]","[0.00, 0.00, -1.57]","[0.0, -0.5]"
G1-Controller,libero-2-2,L90L4PickUpTheBlackBowlOnTheLeftAndPutItInTheTray,"[2.45, -1.5, 0.8]","[0.00, 0.00, -1.57]","[0.0, -0.5]"
G1-Controller,libero-2-2,L10L5PutWhiteMugOnLeftPlateAndPutYellowAndWhiteMugOnRightPlate,"[2.45, -1.5, 0.8]","[0.00, 0.00, -1.57]","[0.0, -0.5]"
G1-Controller,libero-2-2,L90L3PickUpTheTomatoSauceAndPutItInTheTray,"[2.45, -1.5, 0.8]","[0.00, 0.00, -1.57]","[0.0, -0.5]"
G1-Controller,libero-2-2,L90L3PickUpTheKetchupAndPutItInTheTray,"[2.45, -1.5, 0.8]","[0.00, 0.00, -1.57]","[0.0, -0.5]"
G1-Controller,libero-2-2,L90L5PutTheRedMugOnTheLeftPlate,"[2.45, -1.5, 0.8]","[0.00, 0.00, -1.57]","[0.0, -0.5]"
G1-Controller,libero-2-2,PickUpTheBlackBowlOnTheWoodenCabinetAndPlaceItOnThePlate,"[2.45, -1.5, 0.8]","[0.00, 0.00, -1.57]","[0.0, -0.5]"
G1-Controller,libero-2-2,PickUpTheBlackBowlOnTheCookieBoxAndPlaceItOnThePlate,"[2.45, -1.5, 0.8]","[0.00, 0.00, -1.57]","[0.0, -0.5]"
G1-Controller,libero-2-2,PickUpTheBlackBowlOnTheRamekinAndPlaceItOnThePlate,"[2.45, -1.5, 0.8]","[0.00, 0.00, -1.57]","[0.0, -0.5]"
G1-Controller,libero-2-2,PickUpTheBlackBowlOnTheStoveAndPlaceItOnThePlate,"[2.45, -1.5, 0.8]","[0.00, 0.00, -1.57]","[0.0, -0.5]"
G1-Controller,libero-2-2,L90L3PickUpTheButterAndPutItInTheTray,"[2.45, -1.5, 0.8]","[0.00, 0.00, -1.57]","[0.0, -0.5]"
G1-Controller,libero-2-2,L90L6PutTheWhiteMugOnThePlate,"[2.45, -1.5, 0.8]","[0.00, 0.00, -1.57]","[0.0, -0.5]"
G1-Controller,libero-2-2,L90L4StackTheRightBowlOnTheLeftBowlAndPlaceThemInTheTray,"[2.45, -1.5, 0.8]","[0.00, 0.00, -1.57]","[0.0, -0.5]"
G1-Controller,libero-1-1,PubBowlOnRightPlate,"[2.45, -1.5, 0.8]","[0.00, 0.00, -1.57]","[0.0, -0.5]"
G1-Controller,libero-1-1,L90K2StackTheBlackBowlAtTheFrontOnTheBlackBowlInTheMiddle,"[2.45, -1.5, 0.8]","[0.00, 0.00, -1.57]","[0.0, -0.5]"
G1-Controller,libero-1-1,L90K2PutTheMiddleBlackBowlOnTopOfTheCabinet,"[2.45, -1.5, 0.8]","[0.00, 0.00, -1.57]","[0.0, -0.5]"
G1-Controller,libero-1-1,L90K9PutTheWhiteBowlOnTopOfTheCabinet,"[2.45, -1.5, 0.8]","[0.00, 0.00, -1.57]","[0.0, -0.5]"
G1-Controller,libero-1-1,L90K1OpenTheBottomDrawerOfTheCabinet,"[2.45, -1.5, 0.8]","[0.00, 0.00, -1.57]","[0.0, -0.5]"
G1-Controller,libero-1-1,L90K1PutTheBlackBowlOnThePlate,"[2.45, -1.5, 0.8]","[0.00, 0.00, -1.57]","[0.0, -0.5]"
G1-Controller,libero-1-1,L90K10PutTheButterAtTheBackInTheTopDrawerOfTheCabinetAndCloseIt,"[2.45, -1.5, 0.8]","[0.00, 0.00, -1.57]","[0.0, -0.5]"
G1-Controller,libero-1-1,L90K9TurnOnTheStove,"[2.45, -1.5, 0.8]","[0.00, 0.00, -1.57]","[0.0, -0.5]"
G1-Controller,libero-1-1,L90K3TurnOnTheStove,"[2.45, -1.5, 0.8]","[0.00, 0.00, -1.57]","[0.0, -0.5]"
G1-Controller,libero-1-1,L90K10CloseTheTopDrawerOfTheCabinetAndPutTheBlackBowlOnTopOfIt,"[2.45, -1.5, 0.8]","[0.00, 0.00, -1.57]","[0.0, -0.3]"
G1-Controller,libero-1-1,L90K5CloseTheTopDrawerOfTheCabinet,"[2.45, -1.5, 0.8]","[0.00, 0.00, -1.57]","[0.0, -0.5]"
G1-Controller,libero-1-1,L90K3PutTheMokaPotOnTheStove,"[2.45, -1.5, 0.8]","[0.00, 0.00, -1.57]","[0.0, -0.5]"
G1-Controller,libero-1-1,L90K5PutTheBlackBowlOnThePlate,"[2.45, -1.5, 0.8]","[0.00, 0.00, -1.57]","[0.0, -0.3]"
G1-Controller,libero-1-1,L90K10CloseTheTopDrawerOfTheCabinet,"[2.45, -1.5, 0.8]","[0.00, 0.00, -1.57]","[0.0, -0.5]"
G1-Controller,libero-1-1,L90K1OpenTheTopDrawerOfTheCabinetAndPutTheBowlInIt,"[2.45, -1.5, 0.8]","[0.00, 0.00, -1.57]","[0.0, -0.5]"
G1-Controller,libero-1-1,L90K3PutTheFryingPanOnTheStove,"[2.45, -1.5, 0.8]","[0.00, 0.00, -1.57]","[0.0, -0.5]"
G1-Controller,libero-1-1,L90K6PutTheYellowAndWhiteMugToTheFrontOfTheWhiteMug,"[2.45, -1.5, 0.8]","[0.00, 0.00, -1.57]","[0.0, -0.5]"
G1-Controller,libero-1-1,L90K2PutTheMiddleBlackBowlOnThePlate,"[2.45, -1.5, 0.8]","[0.00, 0.00, -1.57]","[0.0, -0.5]"
G1-Controller,libero-1-1,L90K2StackTheMiddleBlackBowlOnTheBackBlackBowl,"[2.45, -1.5, 0.8]","[0.00, 0.00, -1.57]","[0.0, -0.5]"
G1-Controller,libero-1-1,L90K7PutTheWhiteBowlOnThePlate,"[2.45, -1.5, 0.8]","[0.00, 0.00, -1.57]","[0.0, -0.5]"
G1-Controller,libero-1-1,L90K2PutTheBlackBowlAtTheFrontOnThePlate,"[2.45, -1.5, 0.8]","[0.00, 0.00, -1.57]","[0.0, -0.5]"
G1-Controller,libero-1-1,L90K4PutTheBlackBowlInTheBottomDrawerOfTheCabinet,"[2.45, -1.5, 0.8]","[0.00, 0.00, -1.57]","[0.0, -0.5]"
G1-Controller,libero-1-1,L90K4PutTheWineBottleInTheBottomDrawerOfTheCabinet,"[2.45, -1.5, 0.8]","[0.00, 0.00, -1.57]","[0.0, -0.5]"
G1-Controller,libero-1-1,L90K4PutTheBlackBowlOnTopOfTheCabinet,"[2.45, -1.5, 0.8]","[0.00, 0.00, -1.57]","[0.0, -0.5]"
G1-Controller,libero-1-1,L10K4PutTheBlackBowlInTheBottomDrawerOfTheCabinetAndCloseIt,"[2.45, -1.5, 0.8]","[0.00, 0.00, -1.57]","[0.0, -0.5]"
G1-Controller,libero-1-1,L90K4CloseTheBottomDrawerOfTheCabinetAndOpenTheTopDrawer,"[2.45, -1.5, 0.8]","[0.00, 0.00, -1.57]","[0.0, -0.5]"
G1-Controller,libero-1-1,L90K5PutTheBlackBowlOnTopOfTheCabinet,"[2.45, -1.5, 0.8]","[0.00, 0.00, -1.57]","[0.0, -0.3]"
G1-Controller,libero-1-1,L90K5PutTheKetchupInTheTopDrawerOfTheCabinet,"[2.45, -1.5, 0.8]","[0.00, 0.00, -1.57]","[0.0, -0.5]"
G1-Controller,libero-1-1,L90K2PutTheBlackBowlAtTheBackOnThePlate,"[2.45, -1.5, 0.8]","[0.00, 0.00, -1.57]","[0.0, -0.5]"
G1-Controller,libero-1-1,L90K2OpenTheTopDrawerOfTheCabinet,"[2.45, -1.5, 0.8]","[0.00, 0.00, -1.57]","[0.0, -0.5]"
G1-Controller,libero-1-1,L90K7PutTheWhiteBowlToTheRightOfThePlate,"[2.45, -1.5, 0.8]","[0.00, 0.00, -1.57]","[0.0, -0.5]"
G1-Controller,libero-1-1,L90K7OpenTheMicrowave,"[2.45, -1.5, 0.8]","[0.00, 0.00, -1.57]","[0.0, -0.5]"
G1-Controller,libero-1-1,L90K3TurnOnTheStoveAndPutTheFryingPanOnIt,"[2.45, -1.5, 0.8]","[0.00, 0.00, -1.57]","[0.0, -0.5]"
G1-Controller,libero-1-1,L90K9TurnOnTheStoveAndPutTheFryingPanOnIt,"[2.45, -1.5, 0.8]","[0.00, 0.00, -1.57]","[0.0, -0.5]"
G1-Controller,libero-1-1,L10K3TurnOnTheStoveAndPutTheMokaPotOnIt,"[2.45, -1.5, 0.8]","[0.00, 0.00, -1.57]","[0.0, -0.5]"
G1-Controller,libero-1-1,L90K1OpenTheTopDrawerOfTheCabinet,"[2.45, -1.5, 0.8]","[0.00, 0.00, -1.57]","[0.0, -0.5]"
G1-Controller,libero-1-1,L90K6CloseTheMicrowave,"[2.45, -1.5, 0.8]","[0.00, 0.00, -1.57]","[0.0, -0.5]"
G1-Controller,libero-1-1,L10K8PutBothMokaPotsOnTheStove,"[2.45, -1.5, 0.8]","[0.00, 0.00, -1.57]","[0.0, -0.5]"
G1-Controller,libero-1-1,L90K9PutTheFryingPanOnTheCabinetShelf,"[2.45, -1.5, 0.8]","[0.00, 0.00, -1.57]","[0.0, -0.5]"
G1-Controller,libero-1-1,L90K9PutTheFryingPanOnTopOfTheCabinet,"[2.45, -1.5, 0.8]","[0.00, 0.00, -1.57]","[0.0, -0.5]"
G1-Controller,libero-1-1,L90K9PutTheFryingPanUnderTheCabinetShelf,"[2.45, -1.5, 0.8]","[0.00, 0.00, -1.57]","[0.0, -0.5]"
G1-Controller,libero-2-2,L90L2PickUpTheMilkAndPutItInTheBasket,"[2.45, -1.5, 0.8]","[0.00, 0.00, -1.57]","[0.0, -0.5]"
G1-Controller,libero-4-4,L90S4PickUpTheBookOnTheRightAndPlaceItOnTheCabinetShelf,"[2.39, -3.16, 0.8]","[0.00, 0.00, 1.57]","[0.0, -0.5]"
G1-Controller,libero-4-4,L90S4PickUpTheBookOnTheLeftAndPlaceItOnTopOfTheShelf,"[2.39, -1.66, 0.8]","[0.00, 0.00, -1.57]","[0.0, -0.5]"
G1-Controller,libero-4-4,L90S2PickUpTheBookAndPlaceItInTheLeftCompartmentOfTheCaddy,"[2.45, -1.5, 0.8]","[0.00, 0.00, -1.57]","[0.0, -0.5]"
G1-Controller,libero-1-1,L90K1PutTheBlackBowlOnTopOfTheCabinet,"[2.45, -1.5, 0.8]","[0.00, 0.00, -1.57]","[0.0, -0.5]"
G1-Controller,libero-1-1,L90K8TurnOffTheStove,"[2.45, -1.5, 0.8]","[0.00, 0.00, -1.57]","[0.0, -0.5]"
G1-Controller-DecoupledWBC,libero-1-1,L90K9PutTheFryingPanUnderTheCabinetShelf,"[2.45, -1.5, 0.8]","[0.00, 0.00, -1.57]","[0.0, -0.5]"
G1-Controller-DecoupledWBC,libero-1-1,L90K8PutTheRightMokaPotOnTheStove,"[2.45, -1.5, 0.8]","[0.00, 0.00, -1.57]","[0.0, -0.5]"
G1-Controller-DecoupledWBC,libero-2-2,L90L2PickUpTheMilkAndPutItInTheBasket,"[2.45, -1.5, 0.8]","[0.00, 0.00, -1.57]","[0.0, -0.5]"
G1-Controller-DecoupledWBC,libero-4-4,L90S4PickUpTheBookOnTheLeftAndPlaceItOnTopOfTheShelf,"[2.39, -1.66, 0.8]","[0.00, 0.00, -1.57]","[0.0, -0.5]"
G1-Controller-DecoupledWBC,libero-4-4,L90S4PickUpTheBookOnTheRightAndPlaceItOnTheCabinetShelf,"[2.39, -3.16, 0.8]","[0.00, 0.00, -1.57]","[0.0, -0.5]"
G1-Controller-DecoupledWBC,libero-4-4,L90S2PickUpTheBookAndPlaceItInTheLeftCompartmentOfTheCaddy,"[2.45, -1.5, 0.8]","[0.00, 0.00, -1.57]","[0.0, -0.5]"
G1-Controller-DecoupledWBC,libero-1-1,L90K1PutTheBlackBowlOnTopOfTheCabinet,"[2.45, -1.5, 0.8]","[0.00, 0.00, -1.57]","[0.0, -0.5]"
G1-Controller-DecoupledWBC,libero-1-1,L90K8TurnOffTheStove,"[2.45, -1.5, 0.8]","[0.00, 0.00, -1.57]","[0.0, -0.5]"
G1-Controller-DecoupledWBC,libero-1-1,L90K9PutTheFryingPanOnTopOfTheCabinet,"[2.45, -1.5, 0.8]","[0.00, 0.00, -1.57]","[0.0, -0.5]"
G1-Controller-DecoupledWBC,libero-1-1,L90K9PutTheFryingPanOnTheCabinetShelf,"[2.45, -1.5, 0.8]","[0.00, 0.00, -1.57]","[0.0, -0.5]"
G1-Controller-DecoupledWBC,libero-1-1,L10K8PutBothMokaPotsOnTheStove,"[2.45, -1.5, 0.8]","[0.00, 0.00, -1.57]","[0.0, -0.5]"
G1-Controller-DecoupledWBC,libero-1-1,L10K6PutTheYellowAndWhiteMugInTheMicrowaveAndCloseIt,"[2.45, -1.5, 0.8]","[0.00, 0.00, -1.57]","[0.0, -0.5]"
G1-Controller-DecoupledWBC,libero-1-1,L90K10PutTheChocolatePuddingInTheTopDrawerOfTheCabinetAndCloseIt,"[2.45, -1.5, 0.8]","[0.00, 0.00, -1.57]","[0.0, -0.5]"
G1-Controller-DecoupledWBC,libero-1-1,L90K10PutTheButterAtTheFrontInTheTopDrawerOfTheCabinetAndCloseIt,"[2.45, -1.5, 0.8]","[0.00, 0.00, -1.57]","[0.0, -0.5]"
G1-Controller-DecoupledWBC,libero-1-1,L90K10PutTheBlackBowlInTheTopDrawerOfTheCabinet,"[2.45, -1.5, 0.8]","[0.00, 0.00, -1.57]","[0.0, 0.0]"
G1-Controller-DecoupledWBC,libero-1-1,LGOpenTopDrawerOfCabinet,"[2.45, -1.5, 0.8]","[0.00, 0.00, -1.57]","[0.0, -0.5]"
G1-Controller-DecoupledWBC,libero-2-2,L90L4PickUpTheSaladDressingAndPutItInTheTray,"[2.45, -1.5, 0.8]","[0.00, 0.00, -1.57]","[0.0, -0.5]"
G1-Controller-DecoupledWBC,libero-2-2,L90L1PickUpTheTomatoSauceAndPutItInTheBasket,"[2.45, -1.5, 0.8]","[0.00, 0.00, -1.57]","[0.0, -0.5]"
G1-Controller-DecoupledWBC,libero-2-2,L90L2PickUpTheOrangeJuiceAndPutItInTheBasket,"[2.45, -1.5, 0.8]","[0.00, 0.00, -1.57]","[0.0, -0.5]"
G1-Controller-DecoupledWBC,libero-2-2,L10L2PutBothTheCreamCheeseBoxAndTheButterInTheBasket,"[2.45, -1.5, 0.8]","[0.00, 0.00, -1.57]","[0.0, -0.5]"
G1-Controller-DecoupledWBC,libero-2-2,L10L2PutBothTheAlphabetSoupAndTheTomatoSauceInTheBasket,"[2.45, -1.5, 0.8]","[0.00, 0.00, -1.57]","[0.0, -0.5]"
G1-Controller-DecoupledWBC,libero-2-2,L10L1PutBothTheAlphabetSoupAndTheCreamCheeseBoxInTheBasket,"[2.45, -1.5, 0.8]","[0.00, 0.00, -1.57]","[0.0, -0.5]"
G1-Controller-DecoupledWBC,libero-2-2,L90L3PickUpTheCreamCheeseAndPutItInTheTray,"[2.45, -1.5, 0.8]","[0.00, 0.00, -1.57]","[0.0, -0.5]"
G1-Controller-DecoupledWBC,libero-2-2,L90S1PickUpTheYellowAndWhiteMugAndPlaceItToTheRightOfTheCaddy,"[2.45, -1.5, 0.8]","[0.00, 0.00, -1.57]","[0.0, -0.5]"
G1-Controller-DecoupledWBC,libero-2-2,PutBackBlackBowlOnPlate,"[2.45, -1.5, 0.8]","[0.00, 0.00, -1.57]","[0.0, -0.5]"
G1-Controller-DecoupledWBC,libero-2-2,L90L5PutTheYellowAndWhiteMugOnTheRightPlate,"[2.45, -1.5, 0.8]","[0.00, 0.00, -1.57]","[0.0, -0.5]"
G1-Controller-DecoupledWBC,libero-2-2,L90L5PutTheWhiteMugOnTheLeftPlate,"[2.45, -1.5, 0.8]","[0.00, 0.00, -1.57]","[0.0, -0.5]"
G1-Controller-DecoupledWBC,libero-2-2,PubKetchInTopCabinet,"[2.45, -1.5, 0.8]","[0.00, 0.00, -1.57]","[0.0, -0.5]"
G1-Controller-DecoupledWBC,libero-2-2,PubBowlInBottonCabinet,"[2.45, -1.5, 0.8]","[0.00, 0.00, -1.57]","[0.0, -0.5]"
G1-Controller-DecoupledWBC,libero-2-2,L90L4StackTheLeftBowlOnTheRightBowlAndPlaceThemInTheTray,"[2.45, -1.5, 0.8]","[0.00, 0.00, -1.57]","[0.0, -0.5]"
G1-Controller-DecoupledWBC,libero-2-2,L90L4PickUpTheChocolatePuddingAndPutItInTheTray,"[2.45, -1.5, 0.8]","[0.00, 0.00, -1.57]","[0.0, -0.5]"
G1-Controller-DecoupledWBC,libero-2-2,L90L1PickUpTheKetchupAndPutItInTheBasket,"[2.45, -1.5, 0.8]","[0.00, 0.00, -1.57]","[0.0, -0.5]"
G1-Controller-DecoupledWBC,libero-2-2,L90L1PickUpTheCreamCheeseBoxAndPutItInTheBasket,"[2.45, -1.5, 0.8]","[0.00, 0.00, -1.57]","[0.0, -0.5]"
G1-Controller-DecoupledWBC,libero-2-2,L90L2PickUpTheTomatoSauceAndPutItInTheBasket,"[2.45, -1.5, 0.8]","[0.00, 0.00, -1.57]","[0.0, -0.5]"
G1-Controller-DecoupledWBC,libero-2-2,L90L2PickUpTheAlphabetSoupAndPutItInTheBasket,"[2.45, -1.5, 0.8]","[0.00, 0.00, -1.57]","[0.0, -0.5]"
G1-Controller-DecoupledWBC,libero-2-2,L10L6PutWhiteMugOnPlateAndPutChocolatePuddingToRightPlate,"[2.45, -1.5, 0.8]","[0.00, 0.00, -1.57]","[0.0, -0.5]"
G1-Controller-DecoupledWBC,libero-2-2,L90L6PutTheRedMugOnThePlate,"[2.45, -1.5, 0.8]","[0.00, 0.00, -1.57]","[0.0, -0.5]"
G1-Controller-DecoupledWBC,libero-2-2,L90L5PutTheRedMugOnTheRightPlate,"[2.45, -1.5, 0.8]","[0.00, 0.00, -1.57]","[0.0, -0.5]"
G1-Controller-DecoupledWBC,libero-2-2,L90L6PutTheChocolatePuddingToTheLeftOfThePlate,"[2.45, -1.5, 0.8]","[0.00, 0.00, -1.57]","[0.0, -0.5]"
G1-Controller-DecoupledWBC,libero-2-2,L90L6PutTheChocolatePuddingToTheRightOfThePlate,"[2.45, -1.5, 0.8]","[0.00, 0.00, -1.57]","[0.0, -0.5]"
G1-Controller-DecoupledWBC,libero-2-2,L90L3PickUpTheAlphabetSoupAndPutItInTheTray,"[2.45, -1.5, 0.8]","[0.00, 0.00, -1.57]","[0.0, -0.5]"
G1-Controller-DecoupledWBC,libero-5-5,LOPickUpTheAlphabetSoupAndPlaceItInTheBasket,"[2.45, -1.5, 0.8]","[0.00, 0.00, -1.57]","[0.0, -0.5]"
G1-Controller-DecoupledWBC,libero-5-5,LOPutCreamCheeseInBasket,"[2.45, -1.5, 0.8]","[0.00, 0.00, -1.57]","[0.0, -0.5]"
G1-Controller-DecoupledWBC,libero-5-5,LOPickUpTheBbqSauceAndPlaceItInTheBasket,"[2.45, -1.5, 0.8]","[0.00, 0.00, -1.57]","[0.0, -0.5]"
G1-Controller-DecoupledWBC,libero-5-5,LOPickUpTheChocolatePuddingAndPlaceItInTheBasket,"[2.45, -1.5, 0.8]","[0.00, 0.00, -1.57]","[0.0, -0.5]"
G1-Controller-DecoupledWBC,libero-5-5,LOPickUpTheButterAndPlaceItInTheBasket,"[2.45, -1.5, 0.8]","[0.00, 0.00, -1.57]","[0.0, -0.5]"
G1-Controller-DecoupledWBC,libero-5-5,LOPickUpTheKetchupAndPlaceItInTheBasket,"[2.45, -1.5, 0.8]","[0.00, 0.00, -1.57]","[0.0, -0.5]"
G1-Controller-DecoupledWBC,libero-5-5,LOPickUpTheMilkAndPlaceItInTheBasket,"[2.45, -1.5, 0.8]","[0.00, 0.00, -1.57]","[0.0, -0.5]"
G1-Controller-DecoupledWBC,libero-5-5,LOPickUpTheOrangeJuiceAndPlaceItInTheBasket,"[2.45, -1.5, 0.8]","[0.00, 0.00, -1.57]","[0.0, -0.5]"
G1-Controller-DecoupledWBC,libero-5-5,LOPickUpTheSaladDressingAndPlaceItInTheBasket,"[2.45, -1.5, 0.8]","[0.00, 0.00, -1.57]","[0.0, -0.5]"
G1-Controller-DecoupledWBC,libero-5-5,LOPickUpTheTomatoSauceAndPlaceItInTheBasket,"[2.45, -1.5, 0.8]","[0.00, 0.00, -1.57]","[0.0, -0.5]"
G1-Controller-DecoupledWBC,libero-2-2,L90L2PickUpTheButterAndPutItInTheBasket,"[2.45, -1.5, 0.8]","[0.00, 0.00, -1.57]","[0.0, -0.5]"
G1-Controller-DecoupledWBC,libero-2-2,PutBlackBowlOnPlate,"[2.45, -1.5, 0.8]","[0.00, 0.00, -1.57]","[0.0, -0.5]"
G1-Controller-DecoupledWBC,libero-2-2,L90L1PickUpTheAlphabetSoupAndPutItInTheBasket,"[2.45, -1.5, 0.8]","[0.00, 0.00, -1.57]","[0.0, -0.5]"
G1-Controller-DecoupledWBC,libero-2-2,L90L4PickUpTheBlackBowlOnTheLeftAndPutItInTheTray,"[2.45, -1.5, 0.8]","[0.00, 0.00, -1.57]","[0.0, -0.5]"
G1-Controller-DecoupledWBC,libero-2-2,L10L5PutWhiteMugOnLeftPlateAndPutYellowAndWhiteMugOnRightPlate,"[2.45, -1.5, 0.8]","[0.00, 0.00, -1.57]","[0.0, -0.5]"
G1-Controller-DecoupledWBC,libero-2-2,L90L3PickUpTheTomatoSauceAndPutItInTheTray,"[2.45, -1.5, 0.8]","[0.00, 0.00, -1.57]","[0.0, -0.5]"
G1-Controller-DecoupledWBC,libero-2-2,L90L3PickUpTheKetchupAndPutItInTheTray,"[2.45, -1.5, 0.8]","[0.00, 0.00, -1.57]","[0.0, -0.5]"
G1-Controller-DecoupledWBC,libero-2-2,L90L5PutTheRedMugOnTheLeftPlate,"[2.45, -1.5, 0.8]","[0.00, 0.00, -1.57]","[0.0, -0.5]"
G1-Controller-DecoupledWBC,libero-2-2,PickUpTheBlackBowlOnTheWoodenCabinetAndPlaceItOnThePlate,"[2.45, -1.5, 0.8]","[0.00, 0.00, -1.57]","[0.0, -0.5]"
G1-Controller-DecoupledWBC,libero-2-2,PickUpTheBlackBowlOnTheCookieBoxAndPlaceItOnThePlate,"[2.45, -1.5, 0.8]","[0.00, 0.00, -1.57]","[0.0, -0.5]"
G1-Controller-DecoupledWBC,libero-2-2,PickUpTheBlackBowlOnTheRamekinAndPlaceItOnThePlate,"[2.45, -1.5, 0.8]","[0.00, 0.00, -1.57]","[0.0, -0.5]"
G1-Controller-DecoupledWBC,libero-2-2,PickUpTheBlackBowlOnTheStoveAndPlaceItOnThePlate,"[2.45, -1.5, 0.8]","[0.00, 0.00, -1.57]","[0.0, -0.5]"
G1-Controller-DecoupledWBC,libero-2-2,L90L3PickUpTheButterAndPutItInTheTray,"[2.45, -1.5, 0.8]","[0.00, 0.00, -1.57]","[0.0, -0.5]"
G1-Controller-DecoupledWBC,libero-2-2,L90L6PutTheWhiteMugOnThePlate,"[2.45, -1.5, 0.8]","[0.00, 0.00, -1.57]","[0.0, -0.5]"
G1-Controller-DecoupledWBC,libero-2-2,L90L4StackTheRightBowlOnTheLeftBowlAndPlaceThemInTheTray,"[2.45, -1.5, 0.8]","[0.00, 0.00, -1.57]","[0.0, -0.5]"
G1-Controller-DecoupledWBC,libero-1-1,PubBowlOnRightPlate,"[2.45, -1.5, 0.8]","[0.00, 0.00, -1.57]","[0.0, -0.5]"
G1-Controller-DecoupledWBC,libero-1-1,L90K2StackTheBlackBowlAtTheFrontOnTheBlackBowlInTheMiddle,"[2.45, -1.5, 0.8]","[0.00, 0.00, -1.57]","[0.0, -0.5]"
G1-Controller-DecoupledWBC,libero-1-1,L90K2PutTheMiddleBlackBowlOnTopOfTheCabinet,"[2.45, -1.5, 0.8]","[0.00, 0.00, -1.57]","[0.0, -0.5]"
G1-Controller-DecoupledWBC,libero-1-1,L90K9PutTheWhiteBowlOnTopOfTheCabinet,"[2.45, -1.5, 0.8]","[0.00, 0.00, -1.57]","[0.0, -0.5]"
G1-Controller-DecoupledWBC,libero-1-1,L90K1OpenTheBottomDrawerOfTheCabinet,"[2.45, -1.5, 0.8]","[0.00, 0.00, -1.57]","[0.0, -0.5]"
G1-Controller-DecoupledWBC,libero-1-1,L90K1PutTheBlackBowlOnThePlate,"[2.45, -1.5, 0.8]","[0.00, 0.00, -1.57]","[0.0, -0.5]"
G1-Controller-DecoupledWBC,libero-1-1,L90K10PutTheButterAtTheBackInTheTopDrawerOfTheCabinetAndCloseIt,"[2.45, -1.5, 0.8]","[0.00, 0.00, -1.57]","[0.0, -0.5]"
G1-Controller-DecoupledWBC,libero-1-1,L90K9TurnOnTheStove,"[2.45, -1.5, 0.8]","[0.00, 0.00, -1.57]","[0.0, -0.5]"
G1-Controller-DecoupledWBC,libero-1-1,L90K3TurnOnTheStove,"[2.45, -1.5, 0.8]","[0.00, 0.00, -1.57]","[0.0, -0.5]"
G1-Controller-DecoupledWBC,libero-1-1,L90K10CloseTheTopDrawerOfTheCabinetAndPutTheBlackBowlOnTopOfIt,"[2.45, -1.5, 0.8]","[0.00, 0.00, -1.57]","[0.0, -0.5]"
G1-Controller-DecoupledWBC,libero-1-1,L90K5CloseTheTopDrawerOfTheCabinet,"[2.45, -1.5, 0.8]","[0.00, 0.00, -1.57]","[0.0, -0.5]"
G1-Controller-DecoupledWBC,libero-1-1,L90K3PutTheMokaPotOnTheStove,"[2.45, -1.5, 0.8]","[0.00, 0.00, -1.57]","[0.0, -0.5]"
G1-Controller-DecoupledWBC,libero-1-1,L90K5PutTheBlackBowlOnThePlate,"[2.45, -1.5, 0.8]","[0.00, 0.00, -1.57]","[0.0, -0.5]"
G1-Controller-DecoupledWBC,libero-1-1,L90K10CloseTheTopDrawerOfTheCabinet,"[2.45, -1.5, 0.8]","[0.00, 0.00, -1.57]","[0.0, -0.5]"
G1-Controller-DecoupledWBC,libero-1-1,L90K1OpenTheTopDrawerOfTheCabinetAndPutTheBowlInIt,"[2.45, -1.5, 0.8]","[0.00, 0.00, -1.57]","[0.0, -0.5]"
G1-Controller-DecoupledWBC,libero-1-1,L90K3PutTheFryingPanOnTheStove,"[2.45, -1.5, 0.8]","[0.00, 0.00, -1.57]","[0.0, -0.5]"
G1-Controller-DecoupledWBC,libero-1-1,L90K6PutTheYellowAndWhiteMugToTheFrontOfTheWhiteMug,"[2.45, -1.5, 0.8]","[0.00, 0.00, -1.57]","[0.0, -0.5]"
G1-Controller-DecoupledWBC,libero-1-1,L90K2PutTheMiddleBlackBowlOnThePlate,"[2.45, -1.5, 0.8]","[0.00, 0.00, -1.57]","[0.0, -0.5]"
G1-Controller-DecoupledWBC,libero-1-1,L90K2StackTheMiddleBlackBowlOnTheBackBlackBowl,"[2.45, -1.5, 0.8]","[0.00, 0.00, -1.57]","[0.0, -0.5]"
G1-Controller-DecoupledWBC,libero-1-1,L90K7PutTheWhiteBowlOnThePlate,"[2.45, -1.5, 0.8]","[0.00, 0.00, -1.57]","[0.0, -0.5]"
G1-Controller-DecoupledWBC,libero-1-1,L90K2PutTheBlackBowlAtTheFrontOnThePlate,"[2.45, -1.5, 0.8]","[0.00, 0.00, -1.57]","[0.0, -0.5]"
G1-Controller-DecoupledWBC,libero-1-1,L90K4PutTheBlackBowlInTheBottomDrawerOfTheCabinet,"[2.45, -1.5, 0.8]","[0.00, 0.00, -1.57]","[0.0, -0.5]"
G1-Controller-DecoupledWBC,libero-1-1,L90K4PutTheWineBottleInTheBottomDrawerOfTheCabinet,"[2.45, -1.5, 0.8]","[0.00, 0.00, -1.57]","[0.0, -0.5]"
G1-Controller-DecoupledWBC,libero-1-1,L90K4PutTheBlackBowlOnTopOfTheCabinet,"[2.45, -1.5, 0.8]","[0.00, 0.00, -1.57]","[0.0, -0.5]"
G1-Controller-DecoupledWBC,libero-1-1,L10K4PutTheBlackBowlInTheBottomDrawerOfTheCabinetAndCloseIt,"[2.45, -1.5, 0.8]","[0.00, 0.00, -1.57]","[0.0, -0.5]"
G1-Controller-DecoupledWBC,libero-1-1,L90K4CloseTheBottomDrawerOfTheCabinetAndOpenTheTopDrawer,"[2.45, -1.5, 0.8]","[0.00, 0.00, -1.57]","[0.0, -0.5]"
G1-Controller-DecoupledWBC,libero-1-1,L90K5PutTheBlackBowlOnTopOfTheCabinet,"[2.45, -1.5, 0.8]","[0.00, 0.00, -1.57]","[0.0, -0.5]"
G1-Controller-DecoupledWBC,libero-1-1,L90K5PutTheKetchupInTheTopDrawerOfTheCabinet,"[2.45, -1.5, 0.8]","[0.00, 0.00, -1.57]","[0.0, -0.5]"
G1-Controller-DecoupledWBC,libero-1-1,L90K2PutTheBlackBowlAtTheBackOnThePlate,"[2.45, -1.5, 0.8]","[0.00, 0.00, -1.57]","[0.0, -0.5]"
G1-Controller-DecoupledWBC,libero-1-1,L90K2OpenTheTopDrawerOfTheCabinet,"[2.45, -1.5, 0.8]","[0.00, 0.00, -1.57]","[0.0, -0.5]"
G1-Controller-DecoupledWBC,libero-1-1,L90K7PutTheWhiteBowlToTheRightOfThePlate,"[2.45, -1.5, 0.8]","[0.00, 0.00, -1.57]","[0.0, -0.5]"
G1-Controller-DecoupledWBC,libero-1-1,L90K7OpenTheMicrowave,"[2.45, -1.5, 0.8]","[0.00, 0.00, -1.57]","[0.0, -0.5]"
G1-Controller-DecoupledWBC,libero-1-1,L90K3TurnOnTheStoveAndPutTheFryingPanOnIt,"[2.45, -1.5, 0.8]","[0.00, 0.00, -1.57]","[0.0, -0.5]"
G1-Controller-DecoupledWBC,libero-1-1,L90K9TurnOnTheStoveAndPutTheFryingPanOnIt,"[2.45, -1.5, 0.8]","[0.00, 0.00, -1.57]","[0.0, -0.5]"
G1-Controller-DecoupledWBC,libero-1-1,L10K3TurnOnTheStoveAndPutTheMokaPotOnIt,"[2.45, -1.5, 0.8]","[0.00, 0.00, -1.57]","[0.0, -0.5]"
G1-Controller-DecoupledWBC,libero-1-1,L90K1OpenTheTopDrawerOfTheCabinet,"[2.45, -1.5, 0.8]","[0.00, 0.00, -1.57]","[0.0, -0.5]"
G1-Controller-DecoupledWBC,libero-1-1,L90K6CloseTheMicrowave,"[2.45, -1.5, 0.8]","[0.00, 0.00, -1.57]","[0.0, -0.5]"
DoublePiper-Abs,libero-8-8,LSPickUpTheBlackBowlNextToThePlateAndPlaceItOnThePlate,"[2.43, -1.84, 0.75]","[0.00, 0.00, -1.57]","[0.0, 0.4]"
X7S-Abs,libero-8-8,LSPickUpTheBlackBowlNextToThePlateAndPlaceItOnThePlate,"[2.45, -1.15, 0.07]","[0.00, 0.00, -1.57]","[0.0, 0.2]"
G1-Controller,libero-8-8,LSPickUpTheBlackBowlNextToThePlateAndPlaceItOnThePlate,"[2.45, -1.5, 0.8]","[0.00, 0.00, -1.57]","[0.0, -0.5]"
G1-Controller-DecoupledWBC,libero-8-8,LSPickUpTheBlackBowlNextToThePlateAndPlaceItOnThePlate,"[2.45, -1.5, 0.8]","[0.00, 0.00, -1.57]","[0.0, -0.5]"
DoublePiper-Abs,libero-8-8,LSPickUpTheBlackBowlFromTableCenterAndPlaceItOnThePlate,"[2.43, -1.84, 0.75]","[0.00, 0.00, -1.57]","[0.0, 0.4]"
X7S-Abs,libero-8-8,LSPickUpTheBlackBowlFromTableCenterAndPlaceItOnThePlate,"[2.45, -1.15, 0.07]","[0.00, 0.00, -1.57]","[0.0, -0.5]"
G1-Controller,libero-8-8,LSPickUpTheBlackBowlFromTableCenterAndPlaceItOnThePlate,"[2.45, -1.5, 0.8]","[0.00, 0.00, -1.57]","[0.0, -0.4]"
G1-Controller-DecoupledWBC,libero-8-8,LSPickUpTheBlackBowlFromTableCenterAndPlaceItOnThePlate,"[2.45, -1.5, 0.8]","[0.00, 0.00, -1.57]","[0.0, -0.5]"
DoublePiper-Abs,libero-8-8,LSPickUpTheBlackBowlOnTheWoodenCabinetAndPlaceItOnThePlate,"[2.43, -1.84, 0.75]","[0.00, 0.00, -1.57]","[0.0, 0.0]"
X7S-Abs,libero-8-8,LSPickUpTheBlackBowlOnTheWoodenCabinetAndPlaceItOnThePlate,"[2.45, -1.15, 0.07]","[0.00, 0.00, -1.57]","[0.0, 0.0]"
G1-Controller,libero-8-8,LSPickUpTheBlackBowlOnTheWoodenCabinetAndPlaceItOnThePlate,"[2.45, -1.5, 0.8]","[0.00, 0.00, -1.57]","[0.0, 0.0]"
G1-Controller-DecoupledWBC,libero-8-8,LSPickUpTheBlackBowlOnTheWoodenCabinetAndPlaceItOnThePlate,"[2.45, -1.5, 0.8]","[0.00, 0.00, -1.57]","[0.0, 0.0]"
DoublePiper-Abs,libero-8-8,LSPickUpTheBlackBowlNextToTheRamekinAndPlaceItOnThePlate,"[2.43, -1.84, 0.75]","[0.00, 0.00, -1.57]","[0.0, 0.4]"
X7S-Abs,libero-8-8,LSPickUpTheBlackBowlNextToTheRamekinAndPlaceItOnThePlate,"[2.45, -1.15, 0.07]","[0.00, 0.00, -1.57]","[0.0, -0.2]"
G1-Controller,libero-8-8,LSPickUpTheBlackBowlNextToTheRamekinAndPlaceItOnThePlate,"[2.45, -1.5, 0.8]","[0.00, 0.00, -1.57]","[0.0, -0.5]"
G1-Controller-DecoupledWBC,libero-8-8,LSPickUpTheBlackBowlNextToTheRamekinAndPlaceItOnThePlate,"[2.45, -1.5, 0.8]","[0.00, 0.00, -1.57]","[0.0, -0.5]"
DoublePiper-Abs,libero-8-8,LSPickUpTheBlackBowlOnTheStoveAndPlaceItOnThePlate,"[2.43, -1.84, 0.75]","[0.00, 0.00, -1.57]","[0.0, 0.0]"
X7S-Abs,libero-8-8,LSPickUpTheBlackBowlOnTheStoveAndPlaceItOnThePlate,"[2.45, -1.15, 0.07]","[0.00, 0.00, -1.57]","[0.0, 0.0]"
G1-Controller,libero-8-8,LSPickUpTheBlackBowlOnTheStoveAndPlaceItOnThePlate,"[2.45, -1.5, 0.8]","[0.00, 0.00, -1.57]","[0.0, 0.0]"
G1-Controller-DecoupledWBC,libero-8-8,LSPickUpTheBlackBowlOnTheStoveAndPlaceItOnThePlate,"[2.45, -1.5, 0.8]","[0.00, 0.00, -1.57]","[0.0, 0.0]"
DoublePiper-Abs,libero-8-8,LSPickUpTheBlackBowlOnTheRamekinAndPlaceItOnThePlate,"[2.43, -1.84, 0.75]","[0.00, 0.00, -1.57]","[0.0, 0.0]"
X7S-Abs,libero-8-8,LSPickUpTheBlackBowlOnTheRamekinAndPlaceItOnThePlate,"[2.45, -1.15, 0.07]","[0.00, 0.00, -1.57]","[0.0, 0.0]"
G1-Controller,libero-8-8,LSPickUpTheBlackBowlOnTheRamekinAndPlaceItOnThePlate,"[2.45, -1.5, 0.8]","[0.00, 0.00, -1.57]","[0.0, 0.0]"
G1-Controller-DecoupledWBC,libero-8-8,LSPickUpTheBlackBowlOnTheRamekinAndPlaceItOnThePlate,"[2.45, -1.5, 0.8]","[0.00, 0.00, -1.57]","[0.0, 0.0]"
DoublePiper-Abs,libero-8-8,LSPickUpBlackBowlBetweenPlateAndRamekinAndPlaceItOnPlate,"[2.43, -1.84, 0.75]","[0.00, 0.00, -1.57]","[0.0, 0.4]"
X7S-Abs,libero-8-8,LSPickUpBlackBowlBetweenPlateAndRamekinAndPlaceItOnPlate,"[2.45, -1.15, 0.07]","[0.00, 0.00, -1.57]","[0.0, -0.5]"
G1-Controller,libero-8-8,LSPickUpBlackBowlBetweenPlateAndRamekinAndPlaceItOnPlate,"[2.45, -1.5, 0.8]","[0.00, 0.00, -1.57]","[0.0, -0.5]"
G1-Controller-DecoupledWBC,libero-8-8,LSPickUpBlackBowlBetweenPlateAndRamekinAndPlaceItOnPlate,"[2.45, -1.5, 0.8]","[0.00, 0.00, -1.57]","[0.0, -0.5]"
DoublePiper-Abs,libero-8-8,LSPickUpBlackBowlInTopDrawerOfWoodenCabinetAndPlaceItOnPlate,"[2.43, -1.84, 0.75]","[0.00, 0.00, -1.57]","[0.0, 0.0]"
X7S-Abs,libero-8-8,LSPickUpBlackBowlInTopDrawerOfWoodenCabinetAndPlaceItOnPlate,"[2.45, -1.15, 0.07]","[0.00, 0.00, -1.57]","[0.0, 0.0]"
G1-Controller,libero-8-8,LSPickUpBlackBowlInTopDrawerOfWoodenCabinetAndPlaceItOnPlate,"[2.45, -1.5, 0.8]","[0.00, 0.00, -1.57]","[0.0, 0.0]"
G1-Controller-DecoupledWBC,libero-8-8,LSPickUpBlackBowlInTopDrawerOfWoodenCabinetAndPlaceItOnPlate,"[2.45, -1.5, 0.8]","[0.00, 0.00, -1.57]","[0.0, 0.0]"
DoublePiper-Abs,libero-8-8,LSPickUpTheBlackBowlOnTheCookieBoxAndPlaceItOnThePlate,"[2.43, -1.84, 0.75]","[0.00, 0.00, -1.57]","[0.0, 0.0]"
X7S-Abs,libero-8-8,LSPickUpTheBlackBowlOnTheCookieBoxAndPlaceItOnThePlate,"[2.45, -1.15, 0.07]","[0.00, 0.00, -1.57]","[0.0, 0.0]"
G1-Controller,libero-8-8,LSPickUpTheBlackBowlOnTheCookieBoxAndPlaceItOnThePlate,"[2.45, -1.5, 0.8]","[0.00, 0.00, -1.57]","[0.0, 0.0]"
G1-Controller-DecoupledWBC,libero-8-8,LSPickUpTheBlackBowlOnTheCookieBoxAndPlaceItOnThePlate,"[2.45, -1.5, 0.8]","[0.00, 0.00, -1.57]","[0.0, 0.0]"
DoublePiper-Abs,libero-8-8,LSPickUpTheBlackBowlNextToTheCookieBoxAndPlaceItOnThePlate,"[2.43, -1.84, 0.75]","[0.00, 0.00, -1.57]","[0.0, 0.4]"
X7S-Abs,libero-8-8,LSPickUpTheBlackBowlNextToTheCookieBoxAndPlaceItOnThePlate,"[2.45, -1.15, 0.07]","[0.00, 0.00, -1.57]","[0.0, -0.5]"
G1-Controller,libero-8-8,LSPickUpTheBlackBowlNextToTheCookieBoxAndPlaceItOnThePlate,"[2.45, -1.5, 0.8]","[0.00, 0.00, -1.57]","[0.0, -0.5]"
G1-Controller-DecoupledWBC,libero-8-8,LSPickUpTheBlackBowlNextToTheCookieBoxAndPlaceItOnThePlate,"[2.45, -1.5, 0.8]","[0.00, 0.00, -1.57]","[0.0, -0.5]"
DoublePiper-Abs,libero-8-8,LGPutTheWineBottleOnTopOfTheCabinet,"[2.43, -1.84, 0.75]","[0.00, 0.00, -1.57]","[0.0, 0.0]"
X7S-Abs,libero-8-8,LGPutTheWineBottleOnTopOfTheCabinet,"[2.45, -1.15, 0.07]","[0.00, 0.00, -1.57]","[0.0, 0.0]"
G1-Controller,libero-8-8,LGPutTheWineBottleOnTopOfTheCabinet,"[2.45, -1.5, 0.8]","[0.00, 0.00, -1.57]","[0.0, 0.0]"
G1-Controller-DecoupledWBC,libero-8-8,LGPutTheWineBottleOnTopOfTheCabinet,"[2.45, -1.5, 0.8]","[0.00, 0.00, -1.57]","[0.0, 0.0]"
DoublePiper-Abs,libero-8-8,LGOpenTheTopDrawerAndPutTheBowlInside,"[2.43, -1.84, 0.75]","[0.00, 0.00, -1.57]","[0.0, 0.0]"
X7S-Abs,libero-8-8,LGOpenTheTopDrawerAndPutTheBowlInside,"[2.45, -1.15, 0.07]","[0.00, 0.00, -1.57]","[0.0, 0.0]"
G1-Controller,libero-8-8,LGOpenTheTopDrawerAndPutTheBowlInside,"[2.45, -1.5, 0.8]","[0.00, 0.00, -1.57]","[0.0, 0.0]"
G1-Controller-DecoupledWBC,libero-8-8,LGOpenTheTopDrawerAndPutTheBowlInside,"[2.45, -1.5, 0.8]","[0.00, 0.00, -1.57]","[0.0, 0.0]"
DoublePiper-Abs,libero-8-8,LGPutTheBowlOnTheStove,"[2.43, -1.84, 0.75]","[0.00, 0.00, -1.57]","[0.0, 0.0]"
X7S-Abs,libero-8-8,LGPutTheBowlOnTheStove,"[2.45, -1.15, 0.07]","[0.00, 0.00, -1.57]","[0.0, 0.0]"
G1-Controller,libero-8-8,LGPutTheBowlOnTheStove,"[2.45, -1.5, 0.8]","[0.00, 0.00, -1.57]","[0.0, 0.0]"
G1-Controller-DecoupledWBC,libero-8-8,LGPutTheBowlOnTheStove,"[2.45, -1.5, 0.8]","[0.00, 0.00, -1.57]","[0.0, 0.0]"
DoublePiper-Abs,libero-8-8,LGTurnOnTheStove,"[2.43, -1.84, 0.75]","[0.00, 0.00, -1.57]","[0.0, 0.4]"
X7S-Abs,libero-8-8,LGTurnOnTheStove,"[2.45, -1.15, 0.07]","[0.00, 0.00, -1.57]","[0.0, -0.5]"
G1-Controller,libero-8-8,LGTurnOnTheStove,"[2.45, -1.5, 0.8]","[0.00, 0.00, -1.57]","[0.0, -0.5]"
G1-Controller-DecoupledWBC,libero-8-8,LGTurnOnTheStove,"[2.45, -1.5, 0.8]","[0.00, 0.00, -1.57]","[0.0, -0.5]"
DoublePiper-Abs,libero-8-8,LGPutTheCreamCheeseInTheBowl,"[2.43, -1.84, 0.75]","[0.00, 0.00, -1.57]","[0.0, 0.0]"
X7S-Abs,libero-8-8,LGPutTheCreamCheeseInTheBowl,"[2.45, -1.15, 0.07]","[0.00, 0.00, -1.57]","[0.0, 0.0]"
G1-Controller,libero-8-8,LGPutTheCreamCheeseInTheBowl,"[2.45, -1.5, 0.8]","[0.00, 0.00, -1.57]","[0.0, 0.0]"
G1-Controller-DecoupledWBC,libero-8-8,LGPutTheCreamCheeseInTheBowl,"[2.45, -1.5, 0.8]","[0.00, 0.00, -1.57]","[0.0, 0.0]"
DoublePiper-Abs,libero-8-8,LGPutTheBowlOnThePlate,"[2.43, -1.84, 0.75]","[0.00, 0.00, -1.57]","[0.0, 0.0]"
X7S-Abs,libero-8-8,LGPutTheBowlOnThePlate,"[2.45, -1.15, 0.07]","[0.00, 0.00, -1.57]","[0.0, 0.0]"
G1-Controller,libero-8-8,LGPutTheBowlOnThePlate,"[2.45, -1.5, 0.8]","[0.00, 0.00, -1.57]","[0.0, 0.0]"
G1-Controller-DecoupledWBC,libero-8-8,LGPutTheBowlOnThePlate,"[2.45, -1.5, 0.8]","[0.00, 0.00, -1.57]","[0.0, 0.0]"
DoublePiper-Abs,libero-9-14,LGPushThePlateToTheFrontOfTheStove,"[2.43, -1.84, 0.75]","[0.00, 0.00, -1.57]","[0.0, 0.0]"
X7S-Abs,libero-9-14,LGPushThePlateToTheFrontOfTheStove,"[2.45, -1.0, 0.07]","[0.00, 0.00, -1.57]","[0.0, 0.0]"
G1-Controller,libero-9-14,LGPushThePlateToTheFrontOfTheStove,"[2.45, -1.5, 0.8]","[0.00, 0.00, -1.57]","[0.0, 0.0]"
G1-Controller-DecoupledWBC,libero-9-14,LGPushThePlateToTheFrontOfTheStove,"[2.45, -1.5, 0.8]","[0.00, 0.00, -1.57]","[0.0, 0.0]"
DoublePiper-Abs,libero-8-8,LGPutTheWineBottleOnTheRack,"[2.43, -1.84, 0.75]","[0.00, 0.00, -1.57]","[0.0, 0.0]"
X7S-Abs,libero-8-8,LGPutTheWineBottleOnTheRack,"[2.45, -1.15, 0.07]","[0.00, 0.00, -1.57]","[0.0, 0.0]"
G1-Controller,libero-8-8,LGPutTheWineBottleOnTheRack,"[2.45, -1.5, 0.8]","[0.00, 0.00, -1.57]","[0.0, 0.0]"
G1-Controller-DecoupledWBC,libero-8-8,LGPutTheWineBottleOnTheRack,"[2.45, -1.5, 0.8]","[0.00, 0.00, -1.57]","[0.0, 0.0]"
DoublePiper-Abs,libero-8-8,LGOpenTheMiddleDrawerOfTheCabinet,"[2.43, -1.84, 0.75]","[0.00, 0.00, -1.57]","[0.0, 0.2]"
X7S-Abs,libero-8-8,LGOpenTheMiddleDrawerOfTheCabinet,"[2.45, -1.15, 0.07]","[0.00, 0.00, -1.57]","[0.0, 0.0]"
G1-Controller,libero-8-8,LGOpenTheMiddleDrawerOfTheCabinet,"[2.45, -1.5, 0.8]","[0.00, 0.00, -1.57]","[0.0, 0.0]"
G1-Controller-DecoupledWBC,libero-8-8,LGOpenTheMiddleDrawerOfTheCabinet,"[2.45, -1.5, 0.8]","[0.00, 0.00, -1.57]","[0.0, 0.0]"
DoublePiper-Abs,libero-8-8,LGPutTheBowlOnTopOfTheCabinet,"[2.43, -1.84, 0.75]","[0.00, 0.00, -1.57]","[0.0, 0.0]"
X7S-Abs,libero-8-8,LGPutTheBowlOnTopOfTheCabinet,"[2.45, -1.15, 0.07]","[0.00, 0.00, -1.57]","[0.0, 0.0]"
G1-Controller,libero-8-8,LGPutTheBowlOnTopOfTheCabinet,"[2.45, -1.5, 0.8]","[0.00, 0.00, -1.57]","[0.0, 0.0]"
G1-Controller-DecoupledWBC,libero-8-8,LGPutTheBowlOnTopOfTheCabinet,"[2.45, -1.5, 0.8]","[0.00, 0.00, -1.57]","[0.0, 0.0]"
DoublePiper-Abs,libero-4-4,L10S1PickUpTheBookAndPlaceItInTheBackCompartmentOfTheCaddy,"[2.41, -2.09, 0.69]","[0.00, 0.00, -1.57]","[0.0, 0.2]"
X7S-Abs,libero-4-4,L10S1PickUpTheBookAndPlaceItInTheBackCompartmentOfTheCaddy,"[2.45, -1.41, 0.07]","[0.00, 0.00, -1.57]","[0.0, -0.2]"
G1-Controller,libero-4-4,L10S1PickUpTheBookAndPlaceItInTheBackCompartmentOfTheCaddy,"[2.45, -1.5, 0.8]","[0.00, 0.00, -1.57]","[0.0, -0.2]"
G1-Controller-DecoupledWBC,libero-4-4,L10S1PickUpTheBookAndPlaceItInTheBackCompartmentOfTheCaddy,"[2.45, -1.5, 0.8]","[0.00, 0.00, -1.57]","[0.0, -0.2]"
DoublePiper-Abs,libero-4-4,L90S3PickUpTheRedMugAndPlaceItToTheRightOfTheCaddy,"[2.41, -2.09, 0.69]","[0.00, 0.00, -1.57]","[0.0, 0.2]"
X7S-Abs,libero-4-4,L90S3PickUpTheRedMugAndPlaceItToTheRightOfTheCaddy,"[2.45, -1.41, 0.07]","[0.00, 0.00, -1.57]","[0.0, -0.2]"
G1-Controller,libero-4-4,L90S3PickUpTheRedMugAndPlaceItToTheRightOfTheCaddy,"[2.45, -1.5, 0.8]","[0.00, 0.00, -1.57]","[0.0, -0.2]"
G1-Controller-DecoupledWBC,libero-4-4,L90S3PickUpTheRedMugAndPlaceItToTheRightOfTheCaddy,"[2.45, -1.5, 0.8]","[0.00, 0.00, -1.57]","[0.0, -0.2]"
DoublePiper-Abs,libero-4-4,L90S4PickUpTheBookOnTheRightAndPlaceItUnderTheCabinetShelf,"[2.41, -2.09, 0.69]","[0.00, 0.00, -1.57]","[0.0, 0.2]"
X7S-Abs,libero-4-4,L90S4PickUpTheBookOnTheRightAndPlaceItUnderTheCabinetShelf,"[2.45, -1.41, 0.07]","[0.00, 0.00, -1.57]","[0.0, -0.2]"
G1-Controller,libero-4-4,L90S4PickUpTheBookOnTheRightAndPlaceItUnderTheCabinetShelf,"[2.45, -1.5, 0.8]","[0.00, 0.00, -1.57]","[0.0, -0.2]"
G1-Controller-DecoupledWBC,libero-4-4,L90S4PickUpTheBookOnTheRightAndPlaceItUnderTheCabinetShelf,"[2.45, -1.5, 0.8]","[0.00, 0.00, -1.57]","[0.0, -0.2]"
DoublePiper-Abs,libero-4-4,L90S3PickUpTheBookAndPlaceItInTheLeftCompartmentOfTheCaddy,"[2.41, -2.09, 0.69]","[0.00, 0.00, -1.57]","[0.0, 0.2]"
X7S-Abs,libero-4-4,L90S3PickUpTheBookAndPlaceItInTheLeftCompartmentOfTheCaddy,"[2.45, -1.41, 0.07]","[0.00, 0.00, -1.57]","[0.0, -0.2]"
G1-Controller,libero-4-4,L90S3PickUpTheBookAndPlaceItInTheLeftCompartmentOfTheCaddy,"[2.45, -1.5, 0.8]","[0.00, 0.00, -1.57]","[0.0, -0.2]"
G1-Controller-DecoupledWBC,libero-4-4,L90S3PickUpTheBookAndPlaceItInTheLeftCompartmentOfTheCaddy,"[2.45, -1.5, 0.8]","[0.00, 0.00, -1.57]","[0.0, -0.2]"
DoublePiper-Abs,libero-4-4,L90S2PickUpTheBookAndPlaceItInTheRightCompartmentOfTheCaddy,"[2.41, -2.09, 0.69]","[0.00, 0.00, -1.57]","[0.0, 0.0]"
X7S-Abs,libero-4-4,L90S2PickUpTheBookAndPlaceItInTheRightCompartmentOfTheCaddy,"[2.45, -1.41, 0.07]","[0.00, 0.00, -1.57]","[0.0, 0.0]"
G1-Controller,libero-4-4,L90S2PickUpTheBookAndPlaceItInTheRightCompartmentOfTheCaddy,"[2.45, -1.5, 0.8]","[0.00, 0.00, -1.57]","[0.0, -0.2]"
G1-Controller-DecoupledWBC,libero-4-4,L90S2PickUpTheBookAndPlaceItInTheRightCompartmentOfTheCaddy,"[2.45, -1.5, 0.8]","[0.00, 0.00, -1.57]","[0.0, -0.2]"
DoublePiper-Abs,libero-4-4,L90S4PickUpTheBookInTheMiddleAndPlaceItOnTheCabinetShelf,"[2.41, -2.09, 0.69]","[0.00, 0.00, -1.57]","[0.0, 0.2]"
X7S-Abs,libero-4-4,L90S4PickUpTheBookInTheMiddleAndPlaceItOnTheCabinetShelf,"[2.45, -1.41, 0.07]","[0.00, 0.00, -1.57]","[0.0, -0.2]"
G1-Controller,libero-4-4,L90S4PickUpTheBookInTheMiddleAndPlaceItOnTheCabinetShelf,"[2.45, -1.5, 0.8]","[0.00, 0.00, -1.57]","[0.0, -0.2]"
G1-Controller-DecoupledWBC,libero-4-4,L90S4PickUpTheBookInTheMiddleAndPlaceItOnTheCabinetShelf,"[2.45, -1.5, 0.8]","[0.00, 0.00, -1.57]","[0.0, -0.2]"
DoublePiper-Abs,libero-4-4,L90S3PickUpTheBookAndPlaceItInTheRightCompartmentOfTheCaddy,"[2.41, -2.09, 0.69]","[0.00, 0.00, -1.57]","[0.0, 0.2]"
X7S-Abs,libero-4-4,L90S3PickUpTheBookAndPlaceItInTheRightCompartmentOfTheCaddy,"[2.45, -1.41, 0.07]","[0.00, 0.00, -1.57]","[0.0, -0.2]"
G1-Controller,libero-4-4,L90S3PickUpTheBookAndPlaceItInTheRightCompartmentOfTheCaddy,"[2.45, -1.5, 0.8]","[0.00, 0.00, -1.57]","[0.0, -0.2]"
G1-Controller-DecoupledWBC,libero-4-4,L90S3PickUpTheBookAndPlaceItInTheRightCompartmentOfTheCaddy,"[2.45, -1.5, 0.8]","[0.00, 0.00, -1.57]","[0.0, -0.2]"
DoublePiper-Abs,libero-4-4,L90S1PickUpTheBookAndPlaceItInTheFrontCompartmentOfTheCaddy,"[2.41, -2.09, 0.69]","[0.00, 0.00, -1.57]","[0.0, 0.0]"
X7S-Abs,libero-4-4,L90S1PickUpTheBookAndPlaceItInTheFrontCompartmentOfTheCaddy,"[2.45, -1.41, 0.07]","[0.00, 0.00, -1.57]","[0.0, 0.0]"
G1-Controller,libero-4-4,L90S1PickUpTheBookAndPlaceItInTheFrontCompartmentOfTheCaddy,"[2.45, -1.5, 0.8]","[0.00, 0.00, -1.57]","[0.0, -0.2]"
G1-Controller-DecoupledWBC,libero-4-4,L90S1PickUpTheBookAndPlaceItInTheFrontCompartmentOfTheCaddy,"[2.45, -1.5, 0.8]","[0.00, 0.00, -1.57]","[0.0, -0.2]"
DoublePiper-Abs,libero-4-4,L90S1PickUpTheBookAndPlaceItInTheRightCompartmentOfTheCaddy,"[2.41, -2.09, 0.69]","[0.00, 0.00, -1.57]","[0.0, 0.0]"
X7S-Abs,libero-4-4,L90S1PickUpTheBookAndPlaceItInTheRightCompartmentOfTheCaddy,"[2.45, -1.41, 0.07]","[0.00, 0.00, -1.57]","[0.0, 0.0]"
G1-Controller,libero-4-4,L90S1PickUpTheBookAndPlaceItInTheRightCompartmentOfTheCaddy,"[2.45, -1.5, 0.8]","[0.00, 0.00, -1.57]","[0.0, -0.2]"
G1-Controller-DecoupledWBC,libero-4-4,L90S1PickUpTheBookAndPlaceItInTheRightCompartmentOfTheCaddy,"[2.45, -1.5, 0.8]","[0.00, 0.00, -1.57]","[0.0, -0.2]"
DoublePiper-Abs,libero-4-4,L90S2PickUpTheBookAndPlaceItInTheBackCompartmentOfTheCaddy,"[2.41, -2.09, 0.69]","[0.00, 0.00, -1.57]","[0.0, 0.2]"
X7S-Abs,libero-4-4,L90S2PickUpTheBookAndPlaceItInTheBackCompartmentOfTheCaddy,"[2.45, -1.41, 0.07]","[0.00, 0.00, -1.57]","[0.0, -0.2]"
G1-Controller,libero-4-4,L90S2PickUpTheBookAndPlaceItInTheBackCompartmentOfTheCaddy,"[2.45, -1.5, 0.8]","[0.00, 0.00, -1.57]","[0.0, -0.2]"
G1-Controller-DecoupledWBC,libero-4-4,L90S2PickUpTheBookAndPlaceItInTheBackCompartmentOfTheCaddy,"[2.45, -1.5, 0.8]","[0.00, 0.00, -1.57]","[0.0, -0.2]"
DoublePiper-Abs,libero-4-4,L90S3PickUpTheBookAndPlaceItInTheFrontCompartmentOfTheCaddy,"[2.41, -2.09, 0.69]","[0.00, 0.00, -1.57]","[0.0, 0.2]"
X7S-Abs,libero-4-4,L90S3PickUpTheBookAndPlaceItInTheFrontCompartmentOfTheCaddy,"[2.45, -1.41, 0.07]","[0.00, 0.00, -1.57]","[0.0, -0.2]"
G1-Controller,libero-4-4,L90S3PickUpTheBookAndPlaceItInTheFrontCompartmentOfTheCaddy,"[2.45, -1.5, 0.8]","[0.00, 0.00, -1.57]","[0.0, -0.2]"
G1-Controller-DecoupledWBC,libero-4-4,L90S3PickUpTheBookAndPlaceItInTheFrontCompartmentOfTheCaddy,"[2.45, -1.5, 0.8]","[0.00, 0.00, -1.57]","[0.0, -0.2]"
DoublePiper-Abs,libero-4-4,L90S2PickUpTheBookAndPlaceItInTheFrontCompartmentOfTheCaddy,"[2.41, -2.09, 0.69]","[0.00, 0.00, -1.57]","[0.0, 0.0]"
X7S-Abs,libero-4-4,L90S2PickUpTheBookAndPlaceItInTheFrontCompartmentOfTheCaddy,"[2.45, -1.41, 0.07]","[0.00, 0.00, -1.57]","[0.0, 0.0]"
G1-Controller,libero-4-4,L90S2PickUpTheBookAndPlaceItInTheFrontCompartmentOfTheCaddy,"[2.45, -1.5, 0.8]","[0.00, 0.00, -1.57]","[0.0, -0.2]"
G1-Controller-DecoupledWBC,libero-4-4,L90S2PickUpTheBookAndPlaceItInTheFrontCompartmentOfTheCaddy,"[2.45, -1.5, 0.8]","[0.00, 0.00, -1.57]","[0.0, -0.2]"
DoublePiper-Abs,libero-4-4,L90S1PickUpTheBookAndPlaceItInTheLeftCompartmentOfTheCaddy,"[2.41, -2.09, 0.69]","[0.00, 0.00, -1.57]","[0.0, 0.0]"
X7S-Abs,libero-4-4,L90S1PickUpTheBookAndPlaceItInTheLeftCompartmentOfTheCaddy,"[2.45, -1.41, 0.07]","[0.00, 0.00, -1.57]","[0.0, 0.0]"
G1-Controller,libero-4-4,L90S1PickUpTheBookAndPlaceItInTheLeftCompartmentOfTheCaddy,"[2.45, -1.5, 0.8]","[0.00, 0.00, -1.57]","[0.0, -0.2]"
G1-Controller-DecoupledWBC,libero-4-4,L90S1PickUpTheBookAndPlaceItInTheLeftCompartmentOfTheCaddy,"[2.45, -1.5, 0.8]","[0.00, 0.00, -1.57]","[0.0, -0.2]"
DoublePiper-Abs,libero-4-4,L90S3PickUpTheWhiteMugAndPlaceItToTheRightOfTheCaddy,"[2.41, -2.09, 0.69]","[0.00, 0.00, -1.57]","[0.0, 0.2]"
X7S-Abs,libero-4-4,L90S3PickUpTheWhiteMugAndPlaceItToTheRightOfTheCaddy,"[2.45, -1.41, 0.07]","[0.00, 0.00, -1.57]","[0.0, -0.5]"
G1-Controller,libero-4-4,L90S3PickUpTheWhiteMugAndPlaceItToTheRightOfTheCaddy,"[2.45, -1.5, 0.8]","[0.00, 0.00, -1.57]","[0.0, -0.2]"
G1-Controller-DecoupledWBC,libero-4-4,L90S3PickUpTheWhiteMugAndPlaceItToTheRightOfTheCaddy,"[2.45, -1.5, 0.8]","[0.00, 0.00, -1.57]","[0.0, -0.2]"
DoublePiper-Abs,libero-1-1,L90K4PutTheWineBottleOnTheWineRack,"[2.43, -1.84, 0.75]","[0.00, 0.00, -1.57]","[0.0, 0.4]"
G1-Controller,libero-1-1,L90K4PutTheWineBottleOnTheWineRack,"[2.45, -1.5, 0.8]","[0.00, 0.00, -1.57]","[0.0, -0.5]"
G1-Controller-DecoupledWBC,libero-1-1,L90K4PutTheWineBottleOnTheWineRack,"[2.45, -1.5, 0.8]","[0.00, 0.00, -1.57]","[0.0, -0.5]"
X7S-Abs,libero-1-1,L90K4PutTheWineBottleOnTheWineRack,"[2.45, -1.16, 0.07]","[0.00, 0.00, -1.57]","[0.0, -0.5]"
G1-Controller,libero-1-1,L90K5PutTheBlackBowlInTheTopDrawerOfTheCabinet,"[2.45, -1.5, 0.8]","[0.00, 0.00, -1.57]","[0.0, -0.5]"
G1-Controller-DecoupledWBC,libero-1-1,L90K5PutTheBlackBowlInTheTopDrawerOfTheCabinet,"[2.45, -1.5, 0.8]","[0.00, 0.00, -1.57]","[0.0, -0.5]"
DoublePiper-Abs,libero-1-1,L90K5PutTheBlackBowlInTheTopDrawerOfTheCabinet,"[2.43, -1.84, 0.75]","[0.00, 0.00, -1.57]","[0.0, 0.0]"
X7S-Abs,libero-1-1,L90K5PutTheBlackBowlInTheTopDrawerOfTheCabinet,"[2.45, -1.16, 0.07]","[0.00, 0.00, -1.57]","[0.0, -0.5]"
G1-Controller,libero-1-1,L90K4CloseTheBottomDrawerOfTheCabinet,"[2.45, -1.5, 0.8]","[0.00, 0.00, -1.57]","[0.0, -0.5]"
G1-Controller-DecoupledWBC,libero-1-1,L90K4CloseTheBottomDrawerOfTheCabinet,"[2.45, -1.5, 0.8]","[0.00, 0.00, -1.57]","[0.0, -0.5]"
DoublePiper-Abs,libero-1-1,L90K4CloseTheBottomDrawerOfTheCabinet,"[2.43, -1.84, 0.75]","[0.00, 0.00, -1.57]","[0.0, 0.0]"
X7S-Abs,libero-1-1,L90K4CloseTheBottomDrawerOfTheCabinet,"[2.45, -1.16, 0.07]","[0.00, 0.00, -1.57]","[0.0, -0.5]"
X7S-Abs,libero-1-1,L90K1PutTheBlackBowlOnThePlate,"[2.7, -1.45, 0.07]","[0.00, 0.00, -1.57]","[0.0, -0.5]"
X7S-Abs,libero-2-2,L90L6PutTheWhiteMugOnThePlate,"[2.46, -1.70, 0.07]","[0.00, 0.00, -1.57]","[0.0, 0.1]"
X7S-Abs,robocasakitchen-9-8,LiftObj,"[2.74,-3.41,0.22]","[0.0,0.0,-1.57]","[0.0,0.0]"